,Akt,Erk,Jnk,Mek,P38,PIP2,PIP3,PKA,PKC,Plcg,Raf
0,LOW,AVG,LOW,LOW,LOW,LOW,HIGH,HIGH,LOW,LOW,LOW
1,LOW,AVG,AVG,LOW,LOW,LOW,LOW,AVG,LOW,LOW,LOW
2,AVG,AVG,AVG,LOW,LOW,LOW,HIGH,AVG,HIGH,LOW,LOW
3,LOW,AVG,AVG,LOW,AVG,LOW,HIGH,AVG,LOW,LOW,HIGH
4,AVG,AVG,LOW,LOW,LOW,LOW,HIGH,AVG,LOW,LOW,AVG
5,HIGH,HIGH,HIGH,HIGH,HIGH,LOW,HIGH,LOW,LOW,LOW,HIGH
6,AVG,HIGH,AVG,LOW,LOW,LOW,HIGH,AVG,AVG,LOW,AVG
7,AVG,AVG,AVG,AVG,LOW,LOW,AVG,AVG,LOW,LOW,LOW
8,AVG,AVG,AVG,LOW,LOW,LOW,LOW,AVG,LOW,HIGH,LOW
9,HIGH,HIGH,HIGH,HIGH,LOW,AVG,AVG,LOW,LOW,HIGH,HIGH
10,LOW,AVG,LOW,AVG,AVG,LOW,AVG,AVG,LOW,LOW,AVG
11,AVG,AVG,AVG,LOW,LOW,LOW,AVG,AVG,LOW,LOW,LOW
12,LOW,AVG,LOW,LOW,LOW,LOW,LOW,AVG,AVG,LOW,AVG
13,LOW,LOW,LOW,LOW,LOW,LOW,LOW,LOW,AVG,LOW,HIGH
14,LOW,AVG,LOW,LOW,LOW,LOW,AVG,HIGH,LOW,LOW,LOW
15,LOW,AVG,LOW,AVG,LOW,LOW,AVG,AVG,AVG,LOW,LOW
16,HIGH,HIGH,HIGH,HIGH,HIGH,LOW,AVG,LOW,LOW,LOW,AVG
17,HIGH,HIGH,HIGH,HIGH,HIGH,LOW,AVG,LOW,LOW,LOW,HIGH
18,LOW,LOW,LOW,LOW,LOW,LOW,HIGH,HIGH,LOW,LOW,LOW
19,AVG,LOW,AVG,LOW,LOW,AVG,LOW,LOW,HIGH,HIGH,LOW
20,LOW,LOW,HIGH,LOW,LOW,LOW,AVG,LOW,LOW,LOW,AVG
21,LOW,AVG,AVG,AVG,LOW,LOW,LOW,AVG,AVG,LOW,LOW
22,AVG,HIGH,LOW,AVG,LOW,LOW,HIGH,AVG,AVG,LOW,AVG
23,LOW,AVG,AVG,LOW,AVG,AVG,HIGH,AVG,HIGH,LOW,AVG
24,AVG,LOW,LOW,LOW,LOW,LOW,LOW,LOW,LOW,LOW,HIGH
25,LOW,LOW,LOW,LOW,AVG,LOW,HIGH,HIGH,LOW,LOW,LOW
26,AVG,HIGH,AVG,LOW,LOW,LOW,AVG,AVG,AVG,LOW,LOW
27,LOW,AVG,LOW,AVG,LOW,LOW,HIGH,AVG,AVG,LOW,LOW
28,LOW,AVG,AVG,LOW,LOW,LOW,AVG,AVG,AVG,LOW,AVG
29,AVG,LOW,HIGH,LOW,AVG,LOW,HIGH,LOW,LOW,LOW,LOW
30,LOW,AVG,AVG,AVG,LOW,LOW,AVG,AVG,AVG,LOW,AVG
31,AVG,HIGH,AVG,AVG,LOW,LOW,HIGH,AVG,AVG,LOW,AVG
32,AVG,LOW,AVG,LOW,LOW,LOW,AVG,AVG,AVG,LOW,LOW
33,AVG,AVG,LOW,LOW,LOW,LOW,LOW,HIGH,LOW,LOW,AVG
34,AVG,LOW,LOW,LOW,AVG,LOW,LOW,LOW,AVG,LOW,LOW
35,AVG,HIGH,LOW,LOW,LOW,LOW,LOW,HIGH,LOW,LOW,LOW
36,AVG,AVG,LOW,AVG,AVG,LOW,AVG,AVG,AVG,LOW,AVG
37,AVG,HIGH,LOW,LOW,LOW,LOW,LOW,AVG,AVG,LOW,LOW
38,AVG,AVG,LOW,LOW,AVG,LOW,LOW,AVG,AVG,LOW,LOW
39,AVG,AVG,AVG,LOW,LOW,LOW,LOW,AVG,HIGH,LOW,LOW
40,LOW,HIGH,LOW,AVG,LOW,LOW,AVG,AVG,AVG,LOW,AVG
41,LOW,AVG,LOW,AVG,LOW,AVG,LOW,AVG,AVG,HIGH,AVG
42,LOW,LOW,HIGH,LOW,HIGH,AVG,HIGH,LOW,LOW,LOW,HIGH
43,LOW,AVG,LOW,LOW,AVG,LOW,LOW,AVG,AVG,LOW,AVG
44,LOW,AVG,AVG,AVG,LOW,LOW,AVG,AVG,AVG,LOW,AVG
45,AVG,LOW,HIGH,LOW,LOW,LOW,AVG,LOW,LOW,LOW,AVG
46,LOW,AVG,AVG,AVG,AVG,AVG,AVG,AVG,AVG,HIGH,LOW
47,HIGH,HIGH,LOW,HIGH,LOW,LOW,HIGH,LOW,LOW,LOW,HIGH
48,LOW,AVG,LOW,LOW,LOW,LOW,HIGH,AVG,AVG,LOW,LOW
49,LOW,AVG,LOW,LOW,HIGH,LOW,HIGH,HIGH,LOW,LOW,LOW
50,LOW,HIGH,LOW,LOW,LOW,AVG,HIGH,AVG,AVG,AVG,LOW
51,AVG,LOW,AVG,AVG,LOW,LOW,AVG,AVG,AVG,LOW,LOW
52,LOW,HIGH,LOW,LOW,LOW,AVG,AVG,HIGH,LOW,HIGH,AVG
53,LOW,AVG,HIGH,HIGH,LOW,LOW,HIGH,LOW,LOW,LOW,HIGH
54,LOW,AVG,AVG,LOW,LOW,LOW,LOW,AVG,LOW,LOW,AVG
55,LOW,HIGH,LOW,LOW,LOW,LOW,LOW,AVG,AVG,LOW,LOW
56,LOW,AVG,LOW,LOW,LOW,LOW,LOW,AVG,AVG,LOW,LOW
57,AVG,AVG,LOW,LOW,LOW,LOW,HIGH,AVG,AVG,LOW,LOW
58,LOW,AVG,LOW,LOW,LOW,LOW,AVG,AVG,AVG,LOW,LOW
59,LOW,AVG,LOW,LOW,LOW,LOW,AVG,AVG,AVG,LOW,AVG
60,LOW,LOW,LOW,LOW,LOW,AVG,HIGH,HIGH,LOW,LOW,LOW
61,AVG,HIGH,AVG,AVG,LOW,HIGH,AVG,AVG,LOW,HIGH,LOW
62,LOW,AVG,LOW,LOW,LOW,LOW,LOW,AVG,LOW,LOW,HIGH
63,LOW,AVG,LOW,AVG,LOW,LOW,LOW,AVG,AVG,LOW,LOW
64,HIGH,HIGH,LOW,HIGH,HIGH,LOW,HIGH,LOW,LOW,LOW,AVG
65,LOW,LOW,HIGH,LOW,LOW,LOW,AVG,LOW,LOW,LOW,HIGH
66,LOW,AVG,AVG,LOW,LOW,LOW,HIGH,AVG,AVG,LOW,LOW
67,AVG,AVG,AVG,AVG,AVG,LOW,AVG,AVG,AVG,AVG,LOW
68,LOW,AVG,LOW,LOW,LOW,LOW,LOW,HIGH,LOW,LOW,AVG
69,LOW,AVG,AVG,AVG,LOW,LOW,AVG,AVG,HIGH,HIGH,LOW
70,LOW,LOW,LOW,LOW,LOW,LOW,AVG,AVG,AVG,LOW,LOW
71,HIGH,HIGH,LOW,HIGH,LOW,LOW,AVG,LOW,LOW,LOW,HIGH
72,AVG,HIGH,LOW,AVG,LOW,LOW,AVG,AVG,AVG,LOW,AVG
73,LOW,AVG,AVG,AVG,LOW,LOW,AVG,AVG,AVG,LOW,LOW
74,LOW,AVG,LOW,LOW,LOW,LOW,AVG,AVG,AVG,LOW,LOW
75,AVG,HIGH,AVG,AVG,LOW,LOW,HIGH,AVG,HIGH,AVG,LOW
76,AVG,HIGH,LOW,LOW,LOW,LOW,AVG,AVG,LOW,LOW,LOW
77,AVG,HIGH,LOW,HIGH,HIGH,LOW,AVG,LOW,LOW,LOW,HIGH
78,LOW,AVG,AVG,AVG,LOW,LOW,AVG,AVG,HIGH,LOW,AVG
79,LOW,HIGH,AVG,AVG,AVG,LOW,AVG,AVG,AVG,LOW,AVG
80,AVG,HIGH,LOW,AVG,LOW,AVG,AVG,AVG,AVG,HIGH,AVG
81,LOW,AVG,LOW,AVG,AVG,LOW,AVG,AVG,AVG,LOW,AVG
82,LOW,AVG,AVG,AVG,AVG,LOW,AVG,AVG,HIGH,LOW,AVG
83,LOW,AVG,AVG,LOW,LOW,LOW,LOW,AVG,HIGH,LOW,LOW
84,LOW,LOW,LOW,AVG,LOW,AVG,HIGH,LOW,LOW,AVG,AVG
85,LOW,AVG,AVG,LOW,LOW,LOW,LOW,AVG,AVG,LOW,LOW
86,LOW,AVG,AVG,AVG,LOW,LOW,AVG,AVG,AVG,LOW,AVG
87,AVG,HIGH,LOW,LOW,LOW,LOW,AVG,HIGH,LOW,LOW,AVG
88,LOW,AVG,LOW,LOW,LOW,LOW,LOW,AVG,AVG,LOW,LOW
89,LOW,AVG,AVG,LOW,AVG,LOW,AVG,AVG,HIGH,LOW,LOW
90,AVG,LOW,HIGH,LOW,HIGH,LOW,LOW,LOW,LOW,LOW,HIGH
91,LOW,LOW,AVG,AVG,LOW,LOW,AVG,AVG,HIGH,LOW,LOW
92,LOW,AVG,HIGH,LOW,LOW,LOW,AVG,AVG,HIGH,LOW,LOW
93,AVG,HIGH,LOW,LOW,LOW,LOW,LOW,AVG,AVG,LOW,LOW
94,LOW,AVG,LOW,LOW,LOW,LOW,HIGH,AVG,LOW,LOW,LOW
95,LOW,AVG,AVG,AVG,LOW,LOW,HIGH,AVG,AVG,AVG,AVG
96,AVG,HIGH,AVG,AVG,LOW,LOW,HIGH,AVG,AVG,LOW,AVG
97,AVG,HIGH,LOW,LOW,LOW,AVG,HIGH,AVG,LOW,AVG,LOW
98,LOW,AVG,LOW,AVG,LOW,LOW,HIGH,AVG,AVG,LOW,AVG
99,HIGH,HIGH,HIGH,HIGH,HIGH,LOW,AVG,LOW,LOW,LOW,HIGH
100,LOW,AVG,AVG,AVG,LOW,LOW,HIGH,AVG,LOW,LOW,AVG
101,AVG,HIGH,LOW,LOW,LOW,HIGH,HIGH,AVG,LOW,HIGH,LOW
102,AVG,HIGH,LOW,LOW,LOW,HIGH,LOW,AVG,LOW,HIGH,LOW
103,LOW,AVG,AVG,LOW,LOW,LOW,HIGH,LOW,AVG,LOW,HIGH
104,LOW,AVG,LOW,LOW,LOW,HIGH,AVG,AVG,AVG,HIGH,LOW
105,LOW,AVG,AVG,AVG,LOW,HIGH,HIGH,AVG,AVG,HIGH,AVG
106,LOW,AVG,AVG,LOW,AVG,LOW,HIGH,AVG,LOW,LOW,HIGH
107,AVG,HIGH,LOW,LOW,AVG,LOW,AVG,AVG,AVG,LOW,LOW
108,LOW,AVG,LOW,LOW,LOW,LOW,LOW,AVG,AVG,LOW,LOW
109,LOW,AVG,AVG,AVG,LOW,LOW,AVG,AVG,AVG,LOW,LOW
110,LOW,AVG,AVG,LOW,LOW,LOW,HIGH,AVG,LOW,LOW,LOW
111,LOW,AVG,LOW,LOW,LOW,LOW,LOW,AVG,AVG,LOW,LOW
112,LOW,LOW,LOW,LOW,LOW,LOW,AVG,AVG,HIGH,LOW,LOW
113,AVG,LOW,LOW,LOW,LOW,LOW,AVG,AVG,LOW,LOW,HIGH
114,AVG,AVG,AVG,AVG,AVG,AVG,LOW,AVG,AVG,HIGH,AVG
115,LOW,AVG,LOW,LOW,LOW,LOW,AVG,AVG,AVG,LOW,LOW
116,LOW,AVG,LOW,LOW,LOW,LOW,HIGH,HIGH,LOW,LOW,LOW
117,LOW,LOW,LOW,HIGH,HIGH,LOW,AVG,LOW,LOW,LOW,HIGH
118,AVG,AVG,LOW,AVG,LOW,LOW,AVG,AVG,LOW,LOW,AVG
119,LOW,AVG,AVG,LOW,LOW,LOW,AVG,AVG,AVG,LOW,LOW
120,LOW,AVG,AVG,LOW,LOW,LOW,AVG,AVG,LOW,LOW,LOW
121,AVG,AVG,HIGH,LOW,HIGH,LOW,HIGH,LOW,LOW,LOW,HIGH
122,AVG,HIGH,LOW,LOW,LOW,HIGH,AVG,AVG,AVG,HIGH,LOW
123,AVG,LOW,LOW,LOW,LOW,LOW,AVG,AVG,AVG,LOW,LOW
124,AVG,LOW,AVG,LOW,AVG,AVG,HIGH,AVG,AVG,LOW,LOW
125,LOW,AVG,AVG,LOW,LOW,HIGH,LOW,AVG,AVG,HIGH,LOW
126,AVG,HIGH,LOW,LOW,LOW,LOW,AVG,AVG,AVG,LOW,HIGH
127,LOW,AVG,LOW,AVG,LOW,LOW,HIGH,AVG,AVG,LOW,AVG
128,AVG,AVG,LOW,LOW,LOW,LOW,HIGH,LOW,LOW,LOW,AVG
129,AVG,AVG,AVG,LOW,LOW,LOW,AVG,AVG,LOW,LOW,LOW
130,LOW,AVG,LOW,AVG,LOW,LOW,AVG,AVG,LOW,LOW,AVG
131,LOW,LOW,AVG,LOW,LOW,LOW,AVG,AVG,AVG,LOW,AVG
132,LOW,AVG,LOW,LOW,LOW,LOW,HIGH,AVG,LOW,AVG,LOW
133,LOW,AVG,LOW,LOW,AVG,LOW,HIGH,AVG,AVG,LOW,LOW
134,LOW,LOW,HIGH,HIGH,HIGH,LOW,AVG,LOW,LOW,LOW,HIGH
135,LOW,AVG,LOW,LOW,LOW,LOW,HIGH,AVG,AVG,LOW,AVG
136,LOW,AVG,LOW,LOW,LOW,LOW,LOW,HIGH,LOW,LOW,LOW
137,AVG,LOW,LOW,AVG,AVG,LOW,AVG,AVG,AVG,LOW,AVG
138,LOW,AVG,LOW,AVG,LOW,LOW,AVG,AVG,AVG,LOW,AVG
139,AVG,AVG,LOW,LOW,LOW,LOW,HIGH,AVG,AVG,LOW,AVG
140,LOW,AVG,LOW,LOW,LOW,LOW,HIGH,AVG,LOW,AVG,LOW
141,AVG,HIGH,AVG,AVG,LOW,LOW,AVG,AVG,AVG,LOW,AVG
142,LOW,AVG,LOW,AVG,LOW,LOW,LOW,AVG,AVG,LOW,AVG
143,LOW,AVG,LOW,AVG,LOW,LOW,AVG,AVG,LOW,LOW,AVG
144,AVG,HIGH,AVG,LOW,LOW,HIGH,HIGH,AVG,HIGH,HIGH,LOW
145,AVG,HIGH,AVG,LOW,LOW,LOW,AVG,AVG,HIGH,LOW,LOW
146,LOW,LOW,AVG,LOW,LOW,LOW,LOW,LOW,LOW,LOW,HIGH
147,LOW,AVG,LOW,AVG,LOW,AVG,AVG,AVG,AVG,HIGH,AVG
148,LOW,AVG,AVG,LOW,LOW,AVG,HIGH,AVG,LOW,AVG,LOW
149,LOW,AVG,AVG,AVG,LOW,LOW,LOW,AVG,AVG,LOW,LOW
150,LOW,AVG,AVG,LOW,LOW,LOW,HIGH,AVG,AVG,LOW,AVG
151,LOW,AVG,LOW,AVG,LOW,LOW,LOW,AVG,AVG,LOW,AVG
152,AVG,AVG,AVG,AVG,LOW,LOW,AVG,AVG,AVG,LOW,AVG
153,LOW,AVG,AVG,LOW,LOW,HIGH,AVG,AVG,LOW,HIGH,HIGH
154,LOW,AVG,AVG,LOW,LOW,HIGH,AVG,AVG,AVG,HIGH,LOW
155,HIGH,HIGH,HIGH,HIGH,LOW,HIGH,HIGH,LOW,LOW,AVG,HIGH
156,LOW,HIGH,AVG,LOW,LOW,LOW,LOW,AVG,AVG,LOW,AVG
157,AVG,HIGH,LOW,LOW,HIGH,LOW,HIGH,HIGH,AVG,LOW,LOW
158,LOW,AVG,LOW,LOW,LOW,LOW,LOW,AVG,AVG,LOW,LOW
159,HIGH,HIGH,AVG,HIGH,LOW,LOW,HIGH,LOW,LOW,LOW,HIGH
160,LOW,AVG,LOW,AVG,LOW,LOW,AVG,AVG,AVG,LOW,AVG
161,AVG,HIGH,LOW,LOW,LOW,LOW,HIGH,AVG,AVG,LOW,AVG
162,LOW,AVG,LOW,LOW,LOW,LOW,AVG,HIGH,LOW,LOW,AVG
163,LOW,AVG,AVG,LOW,LOW,LOW,AVG,AVG,HIGH,LOW,LOW
164,LOW,AVG,LOW,LOW,LOW,LOW,AVG,HIGH,LOW,LOW,LOW
165,LOW,AVG,LOW,AVG,LOW,HIGH,LOW,AVG,AVG,HIGH,AVG
166,LOW,AVG,AVG,LOW,LOW,LOW,AVG,AVG,AVG,LOW,AVG
167,LOW,AVG,LOW,LOW,LOW,AVG,LOW,AVG,AVG,HIGH,LOW
168,LOW,AVG,AVG,AVG,AVG,LOW,AVG,AVG,AVG,LOW,AVG
169,LOW,AVG,AVG,LOW,LOW,LOW,LOW,AVG,LOW,LOW,LOW
170,AVG,AVG,AVG,LOW,LOW,LOW,HIGH,AVG,AVG,AVG,AVG
171,LOW,AVG,LOW,LOW,LOW,LOW,HIGH,AVG,AVG,LOW,LOW
172,LOW,LOW,AVG,LOW,LOW,HIGH,HIGH,LOW,LOW,HIGH,HIGH
173,LOW,AVG,LOW,AVG,LOW,LOW,HIGH,AVG,AVG,LOW,LOW
174,LOW,HIGH,LOW,AVG,LOW,LOW,HIGH,AVG,LOW,LOW,AVG
175,LOW,AVG,AVG,AVG,AVG,AVG,LOW,AVG,HIGH,HIGH,AVG
176,LOW,AVG,AVG,LOW,LOW,LOW,LOW,AVG,HIGH,LOW,LOW
177,LOW,AVG,LOW,AVG,LOW,AVG,HIGH,AVG,AVG,AVG,AVG
178,LOW,LOW,LOW,LOW,HIGH,LOW,HIGH,LOW,LOW,LOW,LOW
179,LOW,AVG,LOW,LOW,LOW,LOW,AVG,AVG,LOW,LOW,LOW
180,LOW,AVG,LOW,AVG,LOW,HIGH,HIGH,AVG,AVG,HIGH,LOW
181,LOW,AVG,AVG,AVG,LOW,LOW,LOW,AVG,AVG,LOW,AVG
182,LOW,AVG,LOW,LOW,LOW,LOW,LOW,HIGH,LOW,LOW,LOW
183,LOW,AVG,AVG,LOW,LOW,LOW,HIGH,AVG,AVG,AVG,LOW
184,LOW,AVG,AVG,AVG,LOW,AVG,HIGH,AVG,HIGH,LOW,LOW
185,LOW,AVG,LOW,LOW,LOW,LOW,LOW,AVG,AVG,LOW,LOW
186,LOW,AVG,LOW,AVG,LOW,LOW,AVG,AVG,AVG,LOW,LOW
187,LOW,AVG,LOW,LOW,AVG,HIGH,LOW,AVG,AVG,HIGH,LOW
188,LOW,AVG,AVG,LOW,AVG,LOW,AVG,AVG,AVG,LOW,LOW
189,LOW,AVG,LOW,LOW,AVG,LOW,AVG,AVG,LOW,LOW,AVG
190,LOW,AVG,LOW,LOW,AVG,LOW,AVG,AVG,LOW,LOW,LOW
191,LOW,AVG,LOW,LOW,LOW,LOW,AVG,AVG,AVG,LOW,AVG
192,LOW,AVG,LOW,LOW,AVG,LOW,AVG,AVG,LOW,LOW,LOW
193,LOW,HIGH,LOW,LOW,LOW,LOW,AVG,AVG,AVG,LOW,LOW
194,HIGH,HIGH,AVG,HIGH,LOW,LOW,HIGH,LOW,LOW,AVG,HIGH
195,LOW,AVG,LOW,LOW,LOW,HIGH,AVG,AVG,AVG,HIGH,AVG
196,LOW,AVG,LOW,AVG,LOW,LOW,HIGH,AVG,AVG,LOW,AVG
197,LOW,AVG,LOW,LOW,LOW,LOW,AVG,HIGH,LOW,LOW,HIGH
198,LOW,AVG,AVG,LOW,LOW,LOW,LOW,AVG,LOW,LOW,LOW
199,LOW,HIGH,AVG,LOW,LOW,LOW,HIGH,AVG,AVG,LOW,AVG
200,LOW,LOW,LOW,LOW,LOW,LOW,LOW,AVG,AVG,LOW,AVG
201,AVG,HIGH,LOW,AVG,LOW,LOW,HIGH,AVG,AVG,LOW,AVG
202,LOW,AVG,AVG,LOW,LOW,LOW,AVG,AVG,HIGH,LOW,LOW
203,AVG,HIGH,LOW,AVG,AVG,LOW,AVG,AVG,AVG,LOW,LOW
204,AVG,HIGH,LOW,HIGH,LOW,LOW,LOW,LOW,LOW,LOW,HIGH
205,LOW,AVG,AVG,LOW,LOW,LOW,HIGH,AVG,AVG,LOW,LOW
206,AVG,HIGH,LOW,LOW,LOW,LOW,AVG,AVG,AVG,LOW,LOW
207,AVG,HIGH,LOW,LOW,LOW,LOW,LOW,HIGH,LOW,LOW,LOW
208,LOW,AVG,LOW,LOW,HIGH,LOW,HIGH,HIGH,AVG,LOW,LOW
209,AVG,AVG,LOW,LOW,LOW,LOW,AVG,AVG,AVG,LOW,LOW
210,LOW,AVG,AVG,LOW,AVG,LOW,AVG,HIGH,HIGH,LOW,LOW
211,HIGH,HIGH,AVG,AVG,LOW,LOW,LOW,AVG,AVG,LOW,AVG
212,LOW,AVG,LOW,AVG,LOW,LOW,AVG,AVG,LOW,LOW,LOW
213,LOW,AVG,AVG,LOW,LOW,AVG,HIGH,AVG,HIGH,LOW,LOW
214,LOW,AVG,LOW,LOW,AVG,LOW,HIGH,AVG,AVG,LOW,LOW
215,LOW,LOW,LOW,LOW,LOW,HIGH,HIGH,AVG,AVG,HIGH,AVG
216,LOW,AVG,AVG,AVG,LOW,LOW,HIGH,AVG,HIGH,LOW,AVG
217,LOW,AVG,LOW,AVG,AVG,LOW,AVG,AVG,AVG,LOW,AVG
218,HIGH,HIGH,AVG,HIGH,HIGH,LOW,LOW,LOW,LOW,LOW,AVG
219,LOW,AVG,LOW,LOW,LOW,LOW,HIGH,AVG,AVG,LOW,LOW
220,LOW,HIGH,AVG,AVG,LOW,LOW,HIGH,AVG,AVG,LOW,AVG
221,LOW,AVG,LOW,LOW,AVG,AVG,HIGH,AVG,AVG,AVG,LOW
222,LOW,AVG,AVG,AVG,LOW,LOW,AVG,AVG,AVG,LOW,LOW
223,LOW,LOW,AVG,LOW,LOW,LOW,AVG,HIGH,HIGH,LOW,LOW
224,LOW,AVG,HIGH,HIGH,AVG,LOW,AVG,LOW,LOW,LOW,HIGH
225,LOW,AVG,LOW,LOW,LOW,LOW,AVG,AVG,LOW,LOW,LOW
226,LOW,AVG,LOW,AVG,AVG,HIGH,AVG,AVG,AVG,HIGH,AVG
227,LOW,AVG,AVG,AVG,LOW,LOW,AVG,AVG,AVG,LOW,AVG
228,AVG,HIGH,LOW,LOW,LOW,AVG,HIGH,HIGH,LOW,LOW,LOW
229,LOW,AVG,AVG,AVG,LOW,LOW,AVG,AVG,AVG,LOW,AVG
230,AVG,HIGH,LOW,AVG,LOW,LOW,LOW,AVG,LOW,LOW,AVG
231,LOW,AVG,AVG,AVG,LOW,LOW,LOW,AVG,AVG,LOW,LOW
232,LOW,AVG,LOW,HIGH,HIGH,LOW,AVG,LOW,LOW,LOW,HIGH
233,AVG,LOW,LOW,LOW,LOW,LOW,HIGH,AVG,AVG,LOW,LOW
234,AVG,LOW,AVG,LOW,LOW,LOW,LOW,LOW,AVG,LOW,HIGH
235,LOW,AVG,LOW,AVG,AVG,LOW,AVG,AVG,AVG,LOW,AVG
236,AVG,AVG,AVG,LOW,LOW,LOW,HIGH,LOW,LOW,LOW,HIGH
237,LOW,AVG,LOW,AVG,LOW,LOW,LOW,AVG,AVG,LOW,LOW
238,LOW,AVG,LOW,LOW,LOW,LOW,AVG,AVG,AVG,LOW,LOW
239,LOW,AVG,LOW,AVG,LOW,LOW,HIGH,AVG,AVG,LOW,AVG
240,LOW,AVG,LOW,LOW,LOW,AVG,LOW,AVG,LOW,HIGH,HIGH
241,LOW,AVG,LOW,LOW,LOW,LOW,HIGH,HIGH,LOW,LOW,LOW
242,LOW,AVG,LOW,LOW,LOW,LOW,AVG,AVG,LOW,LOW,LOW
243,AVG,LOW,AVG,LOW,LOW,HIGH,HIGH,AVG,HIGH,HIGH,LOW
244,LOW,AVG,LOW,LOW,LOW,LOW,AVG,AVG,AVG,LOW,LOW
245,AVG,HIGH,AVG,AVG,LOW,LOW,HIGH,AVG,AVG,LOW,AVG
246,AVG,AVG,LOW,LOW,HIGH,AVG,AVG,HIGH,LOW,HIGH,LOW
247,LOW,AVG,AVG,LOW,LOW,LOW,HIGH,AVG,LOW,AVG,AVG
248,LOW,AVG,LOW,LOW,LOW,LOW,AVG,AVG,LOW,LOW,HIGH
249,LOW,AVG,AVG,AVG,LOW,LOW,HIGH,AVG,AVG,LOW,LOW
250,AVG,AVG,LOW,LOW,LOW,LOW,HIGH,AVG,AVG,LOW,AVG
251,LOW,AVG,AVG,LOW,AVG,LOW,AVG,AVG,AVG,LOW,LOW
252,AVG,AVG,AVG,LOW,LOW,LOW,AVG,AVG,AVG,LOW,LOW
253,LOW,AVG,AVG,LOW,LOW,LOW,AVG,AVG,LOW,LOW,LOW
254,LOW,LOW,AVG,LOW,LOW,AVG,LOW,LOW,AVG,HIGH,LOW
255,HIGH,HIGH,LOW,HIGH,HIGH,LOW,HIGH,LOW,LOW,LOW,AVG
256,LOW,AVG,LOW,LOW,LOW,LOW,HIGH,HIGH,LOW,LOW,LOW
257,LOW,AVG,AVG,AVG,AVG,LOW,LOW,AVG,AVG,LOW,LOW
258,LOW,LOW,LOW,LOW,HIGH,LOW,HIGH,LOW,LOW,LOW,AVG
259,LOW,HIGH,AVG,AVG,LOW,LOW,AVG,AVG,LOW,LOW,LOW
260,LOW,LOW,HIGH,LOW,LOW,LOW,LOW,LOW,LOW,LOW,LOW
261,LOW,AVG,LOW,LOW,LOW,LOW,AVG,AVG,AVG,LOW,LOW
262,LOW,AVG,LOW,AVG,LOW,LOW,AVG,AVG,AVG,LOW,AVG
263,LOW,HIGH,LOW,LOW,LOW,LOW,AVG,AVG,AVG,LOW,AVG
264,LOW,AVG,LOW,AVG,LOW,LOW,HIGH,AVG,AVG,LOW,AVG
265,LOW,AVG,HIGH,AVG,LOW,LOW,HIGH,LOW,LOW,LOW,AVG
266,HIGH,HIGH,HIGH,HIGH,HIGH,LOW,HIGH,LOW,LOW,LOW,HIGH
267,LOW,AVG,LOW,AVG,LOW,LOW,HIGH,AVG,LOW,LOW,LOW
268,LOW,AVG,LOW,LOW,LOW,LOW,AVG,HIGH,LOW,LOW,LOW
269,AVG,AVG,AVG,LOW,LOW,LOW,LOW,AVG,AVG,LOW,LOW
270,AVG,AVG,LOW,AVG,LOW,LOW,LOW,AVG,LOW,LOW,AVG
271,HIGH,HIGH,AVG,HIGH,HIGH,LOW,LOW,LOW,LOW,LOW,HIGH
272,LOW,AVG,AVG,AVG,LOW,LOW,AVG,AVG,HIGH,LOW,LOW
273,AVG,HIGH,LOW,LOW,LOW,LOW,AVG,HIGH,LOW,LOW,AVG
274,LOW,HIGH,AVG,AVG,AVG,AVG,HIGH,AVG,AVG,LOW,AVG
275,AVG,LOW,HIGH,LOW,HIGH,LOW,AVG,LOW,LOW,LOW,HIGH
276,AVG,HIGH,LOW,LOW,LOW,AVG,HIGH,HIGH,LOW,AVG,LOW
277,LOW,AVG,AVG,AVG,AVG,LOW,AVG,AVG,HIGH,LOW,LOW
278,LOW,AVG,LOW,LOW,LOW,LOW,AVG,AVG,LOW,LOW,LOW
279,AVG,HIGH,AVG,LOW,AVG,LOW,AVG,AVG,AVG,LOW,AVG
280,LOW,LOW,LOW,AVG,LOW,LOW,HIGH,AVG,HIGH,LOW,LOW
281,AVG,AVG,LOW,AVG,LOW,LOW,LOW,AVG,AVG,LOW,LOW
282,HIGH,HIGH,HIGH,HIGH,HIGH,AVG,HIGH,LOW,LOW,AVG,HIGH
283,HIGH,HIGH,HIGH,HIGH,LOW,LOW,AVG,LOW,LOW,LOW,HIGH
284,AVG,LOW,LOW,LOW,LOW,AVG,HIGH,AVG,AVG,LOW,LOW
285,AVG,HIGH,LOW,AVG,LOW,LOW,HIGH,AVG,AVG,LOW,LOW
286,AVG,AVG,AVG,AVG,LOW,LOW,AVG,AVG,HIGH,LOW,AVG
287,LOW,AVG,LOW,LOW,LOW,LOW,AVG,AVG,AVG,LOW,LOW
288,AVG,LOW,LOW,AVG,HIGH,LOW,HIGH,LOW,LOW,LOW,LOW
289,LOW,AVG,LOW,LOW,LOW,LOW,AVG,HIGH,LOW,LOW,LOW
290,HIGH,HIGH,LOW,HIGH,HIGH,LOW,AVG,LOW,LOW,LOW,HIGH
291,HIGH,HIGH,HIGH,HIGH,AVG,LOW,HIGH,LOW,LOW,LOW,HIGH
292,LOW,AVG,LOW,AVG,AVG,AVG,LOW,AVG,AVG,HIGH,LOW
293,LOW,LOW,LOW,LOW,LOW,LOW,HIGH,LOW,LOW,LOW,LOW
294,AVG,AVG,LOW,LOW,LOW,LOW,HIGH,AVG,LOW,LOW,HIGH
295,LOW,AVG,LOW,AVG,LOW,LOW,AVG,AVG,AVG,LOW,AVG
296,LOW,AVG,AVG,AVG,LOW,LOW,AVG,AVG,AVG,LOW,AVG
297,LOW,LOW,LOW,LOW,LOW,LOW,AVG,AVG,LOW,LOW,AVG
298,LOW,AVG,AVG,AVG,AVG,LOW,AVG,AVG,AVG,LOW,AVG
299,AVG,HIGH,AVG,LOW,AVG,LOW,LOW,AVG,LOW,LOW,LOW
300,LOW,AVG,AVG,LOW,AVG,LOW,HIGH,AVG,LOW,LOW,AVG
301,LOW,AVG,AVG,LOW,LOW,LOW,AVG,AVG,LOW,LOW,HIGH
302,LOW,AVG,LOW,LOW,LOW,AVG,HIGH,AVG,LOW,LOW,LOW
303,AVG,HIGH,AVG,AVG,AVG,LOW,AVG,AVG,AVG,LOW,LOW
304,AVG,HIGH,AVG,LOW,LOW,LOW,HIGH,AVG,HIGH,LOW,LOW
305,AVG,AVG,LOW,HIGH,HIGH,LOW,HIGH,LOW,LOW,LOW,HIGH
306,AVG,HIGH,LOW,AVG,LOW,LOW,HIGH,AVG,AVG,LOW,AVG
307,AVG,AVG,HIGH,HIGH,HIGH,LOW,HIGH,LOW,LOW,LOW,HIGH
308,LOW,AVG,LOW,LOW,LOW,LOW,LOW,AVG,AVG,LOW,AVG
309,LOW,AVG,LOW,LOW,LOW,LOW,LOW,AVG,AVG,LOW,LOW
310,LOW,AVG,LOW,LOW,LOW,LOW,AVG,HIGH,LOW,LOW,LOW
311,LOW,AVG,LOW,LOW,LOW,LOW,LOW,AVG,AVG,LOW,LOW
312,LOW,AVG,AVG,LOW,LOW,AVG,AVG,AVG,LOW,HIGH,HIGH
313,LOW,AVG,AVG,LOW,LOW,LOW,LOW,AVG,AVG,LOW,LOW
314,LOW,AVG,LOW,LOW,HIGH,LOW,LOW,HIGH,AVG,LOW,LOW
315,HIGH,HIGH,HIGH,HIGH,HIGH,AVG,HIGH,LOW,LOW,AVG,HIGH
316,LOW,LOW,AVG,LOW,LOW,LOW,LOW,AVG,LOW,LOW,LOW
317,LOW,LOW,AVG,LOW,AVG,LOW,HIGH,LOW,AVG,LOW,HIGH
318,LOW,AVG,LOW,LOW,LOW,LOW,AVG,AVG,AVG,LOW,AVG
319,AVG,LOW,HIGH,LOW,AVG,LOW,HIGH,LOW,LOW,AVG,HIGH
320,AVG,AVG,AVG,AVG,AVG,LOW,HIGH,AVG,LOW,LOW,AVG
321,LOW,LOW,LOW,AVG,LOW,LOW,HIGH,AVG,AVG,LOW,LOW
322,LOW,HIGH,LOW,LOW,LOW,LOW,LOW,HIGH,LOW,AVG,LOW
323,AVG,HIGH,AVG,LOW,LOW,LOW,HIGH,AVG,HIGH,LOW,LOW
324,LOW,AVG,LOW,LOW,LOW,LOW,HIGH,HIGH,LOW,LOW,LOW
325,AVG,HIGH,LOW,AVG,LOW,LOW,AVG,AVG,AVG,LOW,AVG
326,LOW,HIGH,LOW,AVG,AVG,AVG,HIGH,AVG,AVG,LOW,AVG
327,AVG,HIGH,LOW,LOW,LOW,LOW,AVG,AVG,AVG,LOW,LOW
328,AVG,HIGH,LOW,LOW,LOW,AVG,AVG,AVG,AVG,LOW,AVG
329,AVG,AVG,AVG,LOW,LOW,LOW,AVG,AVG,AVG,LOW,AVG
330,LOW,AVG,AVG,AVG,LOW,LOW,HIGH,AVG,AVG,LOW,LOW
331,AVG,AVG,LOW,LOW,AVG,LOW,AVG,AVG,AVG,LOW,LOW
332,LOW,AVG,AVG,LOW,LOW,LOW,AVG,AVG,LOW,LOW,HIGH
333,LOW,LOW,HIGH,LOW,LOW,LOW,LOW,LOW,LOW,LOW,HIGH
334,LOW,LOW,AVG,LOW,LOW,HIGH,AVG,AVG,HIGH,HIGH,LOW
335,AVG,HIGH,AVG,AVG,AVG,LOW,HIGH,AVG,HIGH,LOW,LOW
336,AVG,AVG,AVG,AVG,LOW,AVG,HIGH,AVG,HIGH,AVG,LOW
337,LOW,HIGH,LOW,LOW,LOW,LOW,LOW,AVG,LOW,LOW,LOW
338,AVG,LOW,AVG,LOW,LOW,LOW,AVG,AVG,HIGH,LOW,LOW
339,LOW,AVG,LOW,LOW,LOW,LOW,LOW,AVG,AVG,LOW,LOW
340,HIGH,HIGH,LOW,HIGH,LOW,LOW,AVG,LOW,LOW,LOW,HIGH
341,LOW,LOW,HIGH,LOW,HIGH,AVG,HIGH,LOW,LOW,AVG,HIGH
342,LOW,AVG,AVG,AVG,LOW,AVG,HIGH,AVG,LOW,AVG,AVG
343,AVG,HIGH,AVG,AVG,AVG,LOW,LOW,AVG,AVG,LOW,AVG
344,LOW,AVG,LOW,LOW,LOW,AVG,HIGH,AVG,AVG,LOW,AVG
345,AVG,AVG,LOW,HIGH,HIGH,LOW,LOW,LOW,LOW,LOW,HIGH
346,LOW,AVG,AVG,AVG,LOW,LOW,LOW,AVG,AVG,LOW,LOW
347,LOW,AVG,LOW,LOW,HIGH,LOW,LOW,HIGH,LOW,LOW,LOW
348,LOW,AVG,LOW,LOW,LOW,LOW,HIGH,AVG,AVG,AVG,LOW
349,LOW,LOW,AVG,LOW,LOW,LOW,AVG,AVG,HIGH,LOW,LOW
350,LOW,AVG,AVG,AVG,LOW,LOW,AVG,AVG,AVG,LOW,AVG
351,LOW,LOW,AVG,LOW,LOW,LOW,HIGH,AVG,HIGH,AVG,LOW
352,LOW,AVG,AVG,LOW,LOW,LOW,AVG,AVG,AVG,HIGH,AVG
353,LOW,AVG,AVG,LOW,LOW,LOW,AVG,AVG,AVG,LOW,AVG
354,AVG,AVG,AVG,AVG,LOW,LOW,AVG,LOW,AVG,LOW,LOW
355,LOW,LOW,LOW,LOW,LOW,LOW,AVG,AVG,AVG,LOW,LOW
356,AVG,HIGH,AVG,HIGH,HIGH,LOW,AVG,LOW,LOW,LOW,HIGH
357,AVG,HIGH,LOW,LOW,AVG,LOW,HIGH,AVG,AVG,LOW,LOW
358,AVG,LOW,HIGH,LOW,LOW,LOW,AVG,LOW,LOW,LOW,LOW
359,LOW,AVG,LOW,LOW,LOW,LOW,AVG,HIGH,LOW,LOW,LOW
360,LOW,AVG,LOW,LOW,LOW,LOW,LOW,HIGH,LOW,LOW,LOW
361,LOW,LOW,LOW,AVG,LOW,LOW,AVG,AVG,AVG,LOW,LOW
362,LOW,AVG,LOW,LOW,LOW,LOW,AVG,AVG,AVG,LOW,LOW
363,LOW,AVG,AVG,LOW,LOW,LOW,AVG,AVG,AVG,LOW,AVG
364,LOW,AVG,LOW,AVG,LOW,AVG,HIGH,AVG,AVG,AVG,LOW
365,AVG,AVG,AVG,LOW,LOW,LOW,AVG,AVG,AVG,LOW,LOW
366,LOW,AVG,LOW,LOW,LOW,LOW,HIGH,AVG,AVG,LOW,AVG
367,AVG,HIGH,AVG,AVG,LOW,AVG,AVG,AVG,AVG,HIGH,AVG
368,LOW,AVG,AVG,AVG,LOW,AVG,HIGH,AVG,AVG,AVG,LOW
369,LOW,AVG,AVG,AVG,LOW,LOW,LOW,AVG,AVG,LOW,LOW
370,AVG,LOW,AVG,LOW,LOW,LOW,HIGH,AVG,LOW,LOW,HIGH
371,LOW,LOW,HIGH,LOW,LOW,LOW,AVG,LOW,LOW,LOW,HIGH
372,AVG,HIGH,AVG,LOW,LOW,LOW,AVG,AVG,AVG,LOW,LOW
373,LOW,AVG,LOW,LOW,LOW,LOW,LOW,AVG,LOW,LOW,LOW
374,LOW,AVG,LOW,LOW,LOW,LOW,HIGH,AVG,AVG,LOW,LOW
375,LOW,LOW,HIGH,LOW,HIGH,LOW,LOW,LOW,LOW,LOW,AVG
376,LOW,AVG,LOW,AVG,AVG,LOW,AVG,AVG,AVG,LOW,LOW
377,HIGH,HIGH,HIGH,HIGH,LOW,AVG,HIGH,LOW,LOW,LOW,HIGH
378,LOW,AVG,LOW,AVG,LOW,LOW,AVG,AVG,AVG,LOW,AVG
379,LOW,AVG,LOW,AVG,LOW,LOW,LOW,AVG,LOW,LOW,LOW
380,HIGH,HIGH,AVG,HIGH,HIGH,AVG,AVG,LOW,LOW,AVG,HIGH
381,HIGH,HIGH,LOW,HIGH,HIGH,LOW,LOW,LOW,LOW,LOW,HIGH
382,AVG,HIGH,LOW,LOW,LOW,LOW,LOW,AVG,LOW,LOW,LOW
383,AVG,HIGH,AVG,AVG,LOW,LOW,AVG,AVG,LOW,LOW,LOW
384,AVG,AVG,LOW,AVG,AVG,LOW,LOW,AVG,AVG,LOW,LOW
385,AVG,HIGH,LOW,AVG,AVG,LOW,HIGH,AVG,AVG,LOW,AVG
386,LOW,AVG,LOW,AVG,LOW,LOW,LOW,AVG,AVG,LOW,LOW
387,LOW,AVG,LOW,LOW,LOW,LOW,HIGH,AVG,LOW,LOW,LOW
388,AVG,HIGH,AVG,AVG,LOW,LOW,AVG,AVG,HIGH,LOW,LOW
389,LOW,LOW,LOW,LOW,AVG,LOW,AVG,AVG,AVG,LOW,HIGH
390,LOW,LOW,LOW,LOW,LOW,LOW,LOW,HIGH,LOW,LOW,LOW
391,AVG,HIGH,AVG,LOW,LOW,LOW,HIGH,AVG,AVG,LOW,AVG
392,AVG,LOW,AVG,LOW,LOW,LOW,HIGH,AVG,AVG,LOW,LOW
393,AVG,AVG,HIGH,HIGH,LOW,LOW,HIGH,LOW,LOW,LOW,HIGH
394,LOW,AVG,LOW,LOW,LOW,LOW,AVG,AVG,AVG,LOW,LOW
395,LOW,AVG,AVG,AVG,LOW,LOW,AVG,AVG,AVG,LOW,HIGH
396,HIGH,HIGH,LOW,HIGH,LOW,LOW,HIGH,LOW,LOW,LOW,HIGH
397,HIGH,HIGH,HIGH,HIGH,LOW,LOW,HIGH,LOW,LOW,AVG,HIGH
398,AVG,AVG,AVG,LOW,AVG,LOW,AVG,AVG,HIGH,LOW,LOW
399,LOW,AVG,AVG,AVG,LOW,LOW,AVG,AVG,AVG,LOW,LOW
400,AVG,AVG,LOW,AVG,LOW,LOW,HIGH,AVG,AVG,LOW,HIGH
401,AVG,AVG,AVG,HIGH,LOW,LOW,AVG,LOW,LOW,LOW,HIGH
402,AVG,AVG,LOW,AVG,LOW,LOW,HIGH,AVG,AVG,LOW,AVG
403,HIGH,HIGH,HIGH,HIGH,HIGH,LOW,LOW,LOW,LOW,LOW,HIGH
404,LOW,HIGH,LOW,LOW,LOW,LOW,AVG,AVG,AVG,LOW,LOW
405,HIGH,HIGH,AVG,HIGH,HIGH,AVG,HIGH,LOW,LOW,LOW,HIGH
406,AVG,AVG,AVG,LOW,LOW,LOW,AVG,AVG,LOW,LOW,AVG
407,AVG,HIGH,LOW,AVG,LOW,LOW,LOW,AVG,AVG,AVG,HIGH
408,AVG,HIGH,LOW,LOW,LOW,AVG,LOW,HIGH,LOW,HIGH,LOW
409,HIGH,HIGH,LOW,HIGH,LOW,LOW,AVG,LOW,LOW,LOW,HIGH
410,LOW,AVG,LOW,LOW,LOW,LOW,AVG,HIGH,LOW,LOW,LOW
411,AVG,AVG,AVG,LOW,LOW,AVG,HIGH,AVG,LOW,LOW,HIGH
412,LOW,AVG,LOW,LOW,AVG,LOW,HIGH,HIGH,LOW,LOW,LOW
413,LOW,AVG,LOW,LOW,HIGH,LOW,HIGH,HIGH,LOW,LOW,LOW
414,HIGH,HIGH,LOW,HIGH,AVG,LOW,HIGH,LOW,LOW,LOW,HIGH
415,LOW,AVG,LOW,LOW,LOW,LOW,HIGH,HIGH,LOW,LOW,LOW
416,LOW,AVG,LOW,LOW,LOW,LOW,AVG,AVG,LOW,LOW,LOW
417,LOW,AVG,LOW,LOW,LOW,LOW,HIGH,AVG,AVG,LOW,LOW
418,AVG,HIGH,HIGH,HIGH,HIGH,LOW,HIGH,LOW,LOW,LOW,HIGH
419,AVG,LOW,AVG,LOW,LOW,LOW,HIGH,AVG,AVG,LOW,LOW
420,AVG,HIGH,HIGH,HIGH,HIGH,LOW,AVG,LOW,LOW,LOW,HIGH
421,LOW,AVG,LOW,LOW,LOW,LOW,AVG,HIGH,LOW,LOW,LOW
422,LOW,AVG,AVG,LOW,LOW,LOW,LOW,AVG,AVG,LOW,LOW
423,LOW,AVG,LOW,LOW,LOW,LOW,AVG,AVG,AVG,LOW,LOW
424,AVG,HIGH,LOW,HIGH,LOW,LOW,AVG,AVG,AVG,LOW,HIGH
425,LOW,AVG,LOW,LOW,LOW,LOW,AVG,AVG,AVG,LOW,LOW
426,AVG,HIGH,LOW,LOW,LOW,LOW,LOW,AVG,AVG,LOW,LOW
427,LOW,AVG,LOW,LOW,LOW,LOW,HIGH,LOW,AVG,AVG,LOW
428,AVG,HIGH,HIGH,HIGH,LOW,LOW,LOW,LOW,LOW,LOW,HIGH
429,LOW,AVG,AVG,LOW,LOW,LOW,HIGH,AVG,HIGH,LOW,AVG
430,LOW,AVG,LOW,LOW,LOW,AVG,HIGH,AVG,AVG,LOW,LOW
431,LOW,AVG,AVG,LOW,LOW,LOW,AVG,AVG,AVG,LOW,LOW
432,AVG,HIGH,AVG,LOW,LOW,LOW,AVG,AVG,LOW,LOW,AVG
433,LOW,AVG,LOW,AVG,LOW,LOW,AVG,AVG,LOW,LOW,LOW
434,LOW,AVG,AVG,LOW,LOW,LOW,AVG,AVG,HIGH,LOW,LOW
435,LOW,AVG,LOW,LOW,LOW,LOW,AVG,AVG,LOW,AVG,AVG
436,LOW,AVG,AVG,AVG,LOW,HIGH,AVG,AVG,AVG,HIGH,LOW
437,LOW,AVG,LOW,AVG,AVG,AVG,LOW,AVG,HIGH,HIGH,LOW
438,AVG,AVG,AVG,LOW,AVG,LOW,HIGH,AVG,AVG,LOW,LOW
439,AVG,HIGH,LOW,LOW,LOW,LOW,AVG,AVG,LOW,LOW,AVG
440,LOW,AVG,AVG,LOW,LOW,AVG,HIGH,AVG,HIGH,LOW,LOW
441,LOW,HIGH,LOW,AVG,LOW,HIGH,AVG,AVG,AVG,HIGH,AVG
442,LOW,AVG,AVG,LOW,LOW,LOW,HIGH,AVG,HIGH,LOW,LOW
443,LOW,LOW,AVG,LOW,LOW,LOW,HIGH,LOW,AVG,LOW,AVG
444,LOW,AVG,AVG,LOW,LOW,LOW,HIGH,AVG,AVG,LOW,LOW
445,LOW,AVG,LOW,LOW,AVG,LOW,HIGH,AVG,AVG,LOW,AVG
446,AVG,AVG,AVG,AVG,LOW,LOW,LOW,AVG,AVG,LOW,LOW
447,HIGH,HIGH,AVG,HIGH,LOW,LOW,AVG,LOW,LOW,LOW,HIGH
448,LOW,AVG,LOW,LOW,LOW,HIGH,LOW,AVG,AVG,HIGH,LOW
449,HIGH,HIGH,HIGH,HIGH,HIGH,LOW,HIGH,LOW,LOW,AVG,HIGH
450,LOW,AVG,LOW,LOW,HIGH,HIGH,AVG,LOW,LOW,HIGH,HIGH
451,AVG,HIGH,AVG,LOW,LOW,LOW,HIGH,AVG,AVG,LOW,LOW
452,LOW,AVG,AVG,LOW,AVG,LOW,LOW,AVG,AVG,LOW,LOW
453,LOW,AVG,LOW,AVG,AVG,AVG,HIGH,AVG,AVG,AVG,HIGH
454,LOW,AVG,LOW,LOW,LOW,LOW,AVG,HIGH,LOW,LOW,LOW
455,AVG,AVG,LOW,AVG,LOW,LOW,AVG,AVG,AVG,LOW,LOW
456,LOW,AVG,AVG,AVG,LOW,LOW,AVG,AVG,AVG,LOW,LOW
457,LOW,LOW,LOW,AVG,AVG,LOW,LOW,LOW,AVG,LOW,AVG
458,LOW,LOW,LOW,LOW,LOW,LOW,LOW,LOW,AVG,LOW,HIGH
459,LOW,AVG,LOW,LOW,AVG,LOW,AVG,AVG,AVG,LOW,AVG
460,LOW,AVG,LOW,LOW,LOW,LOW,AVG,AVG,AVG,LOW,LOW
461,LOW,AVG,LOW,AVG,LOW,LOW,HIGH,AVG,AVG,LOW,AVG
462,AVG,AVG,LOW,LOW,LOW,LOW,HIGH,AVG,AVG,LOW,LOW
463,HIGH,HIGH,AVG,HIGH,LOW,LOW,LOW,LOW,LOW,LOW,HIGH
464,AVG,HIGH,LOW,AVG,LOW,LOW,AVG,AVG,AVG,LOW,LOW
465,AVG,LOW,LOW,LOW,AVG,LOW,LOW,LOW,AVG,LOW,LOW
466,LOW,LOW,LOW,LOW,HIGH,AVG,HIGH,LOW,LOW,LOW,AVG
467,LOW,AVG,LOW,AVG,LOW,LOW,AVG,AVG,AVG,HIGH,LOW
468,LOW,AVG,LOW,AVG,LOW,LOW,LOW,AVG,AVG,LOW,AVG
469,AVG,AVG,AVG,AVG,LOW,LOW,HIGH,AVG,AVG,LOW,LOW
470,LOW,LOW,LOW,LOW,AVG,AVG,HIGH,LOW,AVG,AVG,HIGH
471,LOW,LOW,LOW,LOW,LOW,LOW,HIGH,LOW,LOW,AVG,HIGH
472,LOW,AVG,LOW,AVG,LOW,LOW,AVG,AVG,AVG,LOW,AVG
473,AVG,LOW,AVG,AVG,LOW,AVG,HIGH,LOW,AVG,AVG,AVG
474,AVG,AVG,AVG,AVG,LOW,AVG,HIGH,LOW,HIGH,LOW,AVG
475,LOW,AVG,AVG,AVG,LOW,LOW,LOW,AVG,HIGH,LOW,LOW
476,LOW,AVG,LOW,LOW,LOW,AVG,HIGH,HIGH,LOW,LOW,LOW
477,LOW,AVG,LOW,AVG,LOW,LOW,AVG,AVG,AVG,LOW,AVG
478,LOW,AVG,AVG,LOW,LOW,HIGH,LOW,AVG,AVG,HIGH,LOW
479,AVG,AVG,LOW,LOW,LOW,LOW,LOW,AVG,LOW,LOW,AVG
480,LOW,LOW,AVG,AVG,LOW,LOW,AVG,AVG,AVG,LOW,AVG
481,AVG,LOW,LOW,AVG,LOW,LOW,HIGH,AVG,AVG,LOW,LOW
482,LOW,AVG,LOW,LOW,LOW,LOW,AVG,HIGH,LOW,LOW,LOW
483,AVG,AVG,LOW,AVG,LOW,LOW,LOW,AVG,AVG,LOW,AVG
484,AVG,HIGH,LOW,LOW,AVG,LOW,AVG,AVG,AVG,AVG,AVG
485,LOW,AVG,LOW,AVG,LOW,LOW,LOW,AVG,AVG,LOW,AVG
486,LOW,AVG,AVG,LOW,LOW,LOW,LOW,AVG,AVG,LOW,LOW
487,LOW,AVG,LOW,AVG,LOW,LOW,HIGH,AVG,AVG,LOW,LOW
488,LOW,AVG,LOW,LOW,AVG,LOW,HIGH,AVG,LOW,LOW,LOW
489,AVG,HIGH,AVG,AVG,LOW,LOW,HIGH,AVG,HIGH,LOW,LOW
490,LOW,AVG,LOW,AVG,LOW,LOW,AVG,AVG,AVG,LOW,LOW
491,AVG,AVG,LOW,LOW,LOW,LOW,LOW,AVG,HIGH,LOW,AVG
492,LOW,AVG,LOW,LOW,LOW,HIGH,AVG,HIGH,LOW,HIGH,LOW
493,AVG,AVG,HIGH,HIGH,HIGH,LOW,HIGH,LOW,LOW,AVG,HIGH
494,LOW,LOW,AVG,LOW,AVG,LOW,HIGH,LOW,AVG,LOW,AVG
495,LOW,AVG,AVG,LOW,LOW,LOW,HIGH,AVG,AVG,LOW,LOW
496,LOW,AVG,LOW,LOW,LOW,LOW,HIGH,AVG,LOW,LOW,LOW
497,AVG,LOW,LOW,LOW,HIGH,LOW,AVG,LOW,LOW,LOW,LOW
498,AVG,HIGH,AVG,LOW,LOW,LOW,AVG,AVG,AVG,LOW,AVG
499,LOW,LOW,LOW,LOW,LOW,LOW,AVG,HIGH,LOW,LOW,LOW
500,LOW,AVG,AVG,AVG,LOW,LOW,AVG,AVG,AVG,LOW,AVG
501,LOW,HIGH,LOW,LOW,HIGH,LOW,AVG,HIGH,LOW,LOW,LOW
502,AVG,AVG,LOW,LOW,LOW,HIGH,AVG,AVG,LOW,HIGH,HIGH
503,HIGH,HIGH,LOW,HIGH,HIGH,LOW,LOW,LOW,LOW,LOW,HIGH
504,HIGH,HIGH,LOW,HIGH,AVG,LOW,HIGH,LOW,LOW,LOW,HIGH
505,LOW,AVG,LOW,LOW,LOW,LOW,HIGH,HIGH,LOW,LOW,AVG
506,LOW,AVG,AVG,AVG,LOW,LOW,HIGH,AVG,LOW,LOW,LOW
507,HIGH,HIGH,AVG,HIGH,HIGH,LOW,HIGH,LOW,LOW,LOW,HIGH
508,AVG,AVG,LOW,AVG,LOW,AVG,HIGH,AVG,AVG,AVG,AVG
509,LOW,AVG,LOW,AVG,LOW,LOW,LOW,AVG,AVG,LOW,AVG
510,LOW,LOW,AVG,LOW,HIGH,AVG,LOW,LOW,LOW,HIGH,HIGH
511,AVG,HIGH,LOW,AVG,LOW,LOW,AVG,AVG,LOW,LOW,AVG
512,AVG,HIGH,LOW,LOW,LOW,LOW,AVG,HIGH,LOW,LOW,LOW
513,AVG,AVG,LOW,LOW,LOW,LOW,AVG,AVG,LOW,LOW,HIGH
514,AVG,HIGH,LOW,AVG,LOW,LOW,HIGH,AVG,AVG,AVG,AVG
515,LOW,AVG,LOW,LOW,AVG,LOW,HIGH,HIGH,LOW,LOW,LOW
516,LOW,AVG,LOW,LOW,LOW,LOW,HIGH,AVG,LOW,LOW,AVG
517,AVG,AVG,LOW,LOW,AVG,LOW,LOW,AVG,AVG,LOW,LOW
518,AVG,HIGH,LOW,AVG,LOW,LOW,HIGH,AVG,AVG,LOW,LOW
519,LOW,AVG,AVG,LOW,LOW,LOW,AVG,AVG,AVG,LOW,LOW
520,LOW,AVG,LOW,AVG,LOW,LOW,AVG,AVG,LOW,AVG,LOW
521,LOW,AVG,AVG,LOW,AVG,LOW,HIGH,AVG,HIGH,LOW,LOW
522,LOW,AVG,LOW,LOW,LOW,LOW,HIGH,AVG,LOW,LOW,LOW
523,LOW,AVG,LOW,AVG,AVG,LOW,AVG,AVG,AVG,LOW,LOW
524,LOW,AVG,AVG,LOW,AVG,LOW,AVG,AVG,AVG,LOW,AVG
525,LOW,AVG,LOW,AVG,LOW,AVG,AVG,AVG,AVG,HIGH,AVG
526,HIGH,HIGH,AVG,HIGH,LOW,LOW,AVG,LOW,LOW,LOW,HIGH
527,LOW,AVG,AVG,LOW,LOW,HIGH,LOW,AVG,HIGH,HIGH,LOW
528,LOW,AVG,LOW,LOW,LOW,LOW,AVG,HIGH,LOW,LOW,AVG
529,LOW,AVG,AVG,LOW,AVG,LOW,AVG,AVG,HIGH,LOW,LOW
530,AVG,HIGH,LOW,LOW,AVG,LOW,HIGH,AVG,LOW,LOW,LOW
531,AVG,HIGH,LOW,AVG,LOW,LOW,AVG,AVG,AVG,LOW,AVG
532,HIGH,HIGH,AVG,HIGH,LOW,LOW,HIGH,LOW,LOW,LOW,HIGH
533,AVG,AVG,AVG,AVG,AVG,LOW,LOW,LOW,AVG,LOW,HIGH
534,AVG,HIGH,LOW,AVG,LOW,LOW,HIGH,AVG,AVG,LOW,AVG
535,LOW,AVG,AVG,AVG,LOW,LOW,AVG,AVG,HIGH,LOW,AVG
536,LOW,AVG,LOW,AVG,LOW,LOW,HIGH,AVG,AVG,LOW,AVG
537,LOW,AVG,LOW,LOW,LOW,LOW,LOW,AVG,LOW,LOW,AVG
538,LOW,AVG,AVG,AVG,LOW,LOW,HIGH,AVG,AVG,LOW,LOW
539,LOW,LOW,AVG,LOW,LOW,LOW,AVG,AVG,HIGH,LOW,LOW
540,LOW,AVG,LOW,AVG,LOW,LOW,AVG,AVG,AVG,LOW,HIGH
541,AVG,LOW,HIGH,LOW,HIGH,HIGH,LOW,LOW,LOW,HIGH,HIGH
542,AVG,HIGH,LOW,LOW,LOW,LOW,HIGH,HIGH,LOW,LOW,LOW
543,LOW,AVG,LOW,AVG,LOW,LOW,AVG,AVG,AVG,LOW,LOW
544,LOW,AVG,HIGH,HIGH,HIGH,LOW,LOW,LOW,LOW,LOW,HIGH
545,LOW,AVG,LOW,LOW,LOW,LOW,LOW,AVG,AVG,LOW,LOW
546,HIGH,HIGH,LOW,HIGH,LOW,LOW,HIGH,LOW,LOW,LOW,HIGH
547,AVG,HIGH,LOW,AVG,AVG,LOW,HIGH,AVG,AVG,LOW,AVG
548,LOW,AVG,AVG,AVG,LOW,LOW,AVG,AVG,AVG,LOW,AVG
549,LOW,AVG,LOW,LOW,LOW,LOW,LOW,AVG,LOW,LOW,LOW
550,LOW,AVG,AVG,AVG,AVG,LOW,AVG,AVG,HIGH,LOW,AVG
551,LOW,LOW,LOW,AVG,LOW,LOW,AVG,AVG,LOW,AVG,AVG
552,LOW,HIGH,AVG,LOW,AVG,LOW,AVG,AVG,HIGH,LOW,LOW
553,LOW,AVG,LOW,LOW,LOW,LOW,LOW,AVG,LOW,AVG,LOW
554,HIGH,HIGH,LOW,HIGH,HIGH,LOW,HIGH,LOW,LOW,LOW,HIGH
555,LOW,AVG,LOW,LOW,LOW,LOW,LOW,HIGH,LOW,LOW,LOW
556,LOW,AVG,AVG,LOW,AVG,LOW,LOW,AVG,AVG,LOW,LOW
557,LOW,AVG,LOW,AVG,LOW,LOW,AVG,AVG,LOW,LOW,AVG
558,LOW,AVG,LOW,LOW,LOW,LOW,HIGH,AVG,LOW,LOW,HIGH
559,LOW,AVG,HIGH,HIGH,HIGH,LOW,LOW,LOW,LOW,LOW,AVG
560,LOW,AVG,AVG,LOW,LOW,LOW,HIGH,AVG,LOW,LOW,LOW
561,LOW,AVG,LOW,LOW,LOW,LOW,HIGH,HIGH,LOW,LOW,LOW
562,AVG,AVG,AVG,LOW,LOW,LOW,AVG,AVG,AVG,LOW,LOW
563,LOW,AVG,LOW,LOW,LOW,AVG,HIGH,AVG,AVG,LOW,AVG
564,LOW,AVG,LOW,LOW,LOW,LOW,LOW,HIGH,LOW,LOW,LOW
565,LOW,AVG,LOW,AVG,AVG,LOW,HIGH,AVG,AVG,LOW,LOW
566,LOW,AVG,LOW,LOW,LOW,LOW,HIGH,HIGH,AVG,LOW,LOW
567,AVG,HIGH,HIGH,HIGH,HIGH,LOW,AVG,LOW,LOW,LOW,HIGH
568,LOW,AVG,LOW,AVG,LOW,AVG,HIGH,AVG,AVG,AVG,LOW
569,HIGH,HIGH,LOW,HIGH,LOW,LOW,AVG,LOW,LOW,LOW,HIGH
570,AVG,AVG,AVG,LOW,AVG,AVG,HIGH,AVG,AVG,LOW,AVG
571,LOW,AVG,LOW,LOW,LOW,AVG,LOW,HIGH,LOW,HIGH,LOW
572,AVG,HIGH,AVG,AVG,LOW,LOW,AVG,AVG,AVG,LOW,LOW
573,AVG,HIGH,LOW,AVG,LOW,LOW,AVG,AVG,AVG,LOW,AVG
574,LOW,AVG,LOW,LOW,LOW,LOW,HIGH,AVG,AVG,LOW,LOW
575,AVG,AVG,AVG,AVG,LOW,LOW,AVG,AVG,HIGH,LOW,LOW
576,LOW,LOW,HIGH,LOW,HIGH,AVG,AVG,LOW,LOW,HIGH,HIGH
577,LOW,AVG,LOW,LOW,LOW,LOW,HIGH,HIGH,LOW,LOW,LOW
578,LOW,AVG,AVG,LOW,LOW,LOW,AVG,AVG,HIGH,LOW,LOW
579,HIGH,HIGH,HIGH,HIGH,HIGH,LOW,HIGH,LOW,LOW,LOW,HIGH
580,LOW,LOW,LOW,LOW,LOW,LOW,HIGH,AVG,HIGH,LOW,LOW
581,AVG,HIGH,LOW,AVG,LOW,LOW,LOW,AVG,LOW,LOW,AVG
582,LOW,AVG,LOW,LOW,LOW,LOW,AVG,AVG,LOW,LOW,LOW
583,AVG,HIGH,LOW,LOW,LOW,LOW,LOW,HIGH,LOW,LOW,LOW
584,LOW,AVG,LOW,LOW,LOW,HIGH,LOW,AVG,LOW,HIGH,LOW
585,LOW,AVG,AVG,LOW,LOW,LOW,AVG,AVG,AVG,LOW,LOW
586,AVG,AVG,AVG,LOW,LOW,LOW,HIGH,AVG,AVG,LOW,LOW
587,LOW,AVG,LOW,LOW,LOW,LOW,AVG,HIGH,LOW,LOW,LOW
588,LOW,AVG,AVG,LOW,LOW,LOW,LOW,AVG,LOW,LOW,HIGH
589,LOW,AVG,LOW,LOW,LOW,LOW,AVG,AVG,AVG,LOW,AVG
590,LOW,LOW,AVG,LOW,LOW,LOW,AVG,AVG,HIGH,LOW,LOW
591,AVG,AVG,LOW,AVG,LOW,LOW,LOW,AVG,LOW,LOW,AVG
592,LOW,AVG,AVG,AVG,LOW,LOW,LOW,AVG,AVG,LOW,AVG
593,LOW,LOW,LOW,LOW,LOW,LOW,HIGH,HIGH,LOW,LOW,LOW
594,AVG,HIGH,AVG,LOW,LOW,LOW,HIGH,AVG,HIGH,LOW,LOW
595,LOW,AVG,AVG,LOW,LOW,LOW,HIGH,AVG,HIGH,AVG,LOW
596,LOW,AVG,AVG,LOW,LOW,AVG,HIGH,AVG,AVG,LOW,LOW
597,LOW,LOW,AVG,LOW,HIGH,LOW,HIGH,LOW,LOW,LOW,HIGH
598,AVG,AVG,LOW,LOW,LOW,LOW,HIGH,AVG,LOW,LOW,HIGH
599,AVG,LOW,HIGH,LOW,HIGH,LOW,AVG,LOW,LOW,LOW,HIGH
600,LOW,AVG,LOW,LOW,LOW,LOW,HIGH,AVG,LOW,LOW,LOW
601,HIGH,HIGH,HIGH,HIGH,HIGH,LOW,LOW,LOW,LOW,LOW,HIGH
602,HIGH,HIGH,LOW,HIGH,HIGH,LOW,LOW,LOW,LOW,LOW,HIGH
603,LOW,AVG,LOW,LOW,LOW,LOW,AVG,AVG,AVG,LOW,LOW
604,AVG,HIGH,LOW,LOW,LOW,LOW,HIGH,HIGH,LOW,LOW,AVG
605,AVG,HIGH,AVG,AVG,AVG,LOW,AVG,AVG,AVG,LOW,LOW
606,AVG,HIGH,AVG,AVG,LOW,LOW,HIGH,AVG,AVG,LOW,LOW
607,AVG,LOW,AVG,AVG,AVG,LOW,AVG,AVG,AVG,LOW,AVG
608,HIGH,HIGH,LOW,HIGH,LOW,LOW,LOW,LOW,AVG,LOW,HIGH
609,AVG,LOW,LOW,LOW,LOW,LOW,LOW,LOW,AVG,AVG,LOW
610,LOW,AVG,AVG,LOW,LOW,AVG,AVG,AVG,AVG,HIGH,LOW
611,LOW,AVG,AVG,LOW,LOW,AVG,HIGH,AVG,AVG,LOW,LOW
612,LOW,AVG,LOW,LOW,LOW,LOW,AVG,AVG,LOW,LOW,LOW
613,LOW,AVG,AVG,LOW,LOW,HIGH,LOW,AVG,HIGH,HIGH,LOW
614,AVG,HIGH,LOW,LOW,AVG,HIGH,AVG,AVG,AVG,HIGH,AVG
615,AVG,HIGH,LOW,LOW,AVG,AVG,AVG,AVG,AVG,HIGH,LOW
616,LOW,AVG,LOW,LOW,LOW,LOW,LOW,AVG,LOW,LOW,LOW
617,AVG,HIGH,LOW,LOW,HIGH,LOW,AVG,HIGH,AVG,LOW,LOW
618,HIGH,HIGH,HIGH,HIGH,HIGH,LOW,AVG,LOW,LOW,LOW,AVG
619,AVG,HIGH,LOW,LOW,LOW,LOW,LOW,AVG,LOW,LOW,HIGH
620,LOW,AVG,LOW,LOW,LOW,LOW,LOW,AVG,AVG,LOW,AVG
621,LOW,AVG,LOW,AVG,LOW,LOW,LOW,AVG,AVG,LOW,LOW
622,LOW,AVG,LOW,AVG,LOW,LOW,AVG,AVG,AVG,LOW,LOW
623,AVG,HIGH,AVG,AVG,LOW,LOW,LOW,AVG,HIGH,LOW,LOW
624,LOW,AVG,AVG,AVG,LOW,LOW,AVG,AVG,AVG,LOW,AVG
625,AVG,LOW,LOW,LOW,LOW,LOW,AVG,AVG,AVG,LOW,LOW
626,AVG,AVG,LOW,AVG,LOW,LOW,AVG,AVG,LOW,LOW,LOW
627,AVG,AVG,AVG,LOW,LOW,LOW,AVG,AVG,LOW,LOW,LOW
628,LOW,AVG,AVG,AVG,LOW,AVG,LOW,AVG,AVG,LOW,LOW
629,LOW,AVG,AVG,LOW,LOW,LOW,HIGH,AVG,AVG,LOW,LOW
630,LOW,AVG,LOW,LOW,LOW,HIGH,LOW,AVG,AVG,HIGH,AVG
631,LOW,AVG,AVG,LOW,LOW,LOW,AVG,AVG,LOW,LOW,LOW
632,AVG,AVG,LOW,HIGH,AVG,LOW,LOW,AVG,AVG,LOW,AVG
633,LOW,AVG,LOW,AVG,LOW,LOW,HIGH,AVG,AVG,LOW,LOW
634,LOW,AVG,AVG,AVG,LOW,LOW,AVG,AVG,AVG,LOW,AVG
635,AVG,LOW,HIGH,LOW,HIGH,AVG,HIGH,LOW,LOW,LOW,HIGH
636,LOW,AVG,LOW,LOW,LOW,AVG,LOW,AVG,AVG,HIGH,LOW
637,HIGH,HIGH,HIGH,HIGH,HIGH,AVG,AVG,LOW,LOW,HIGH,HIGH
638,LOW,LOW,AVG,LOW,HIGH,LOW,HIGH,LOW,LOW,LOW,HIGH
639,LOW,AVG,LOW,LOW,LOW,LOW,AVG,AVG,LOW,LOW,HIGH
640,LOW,AVG,LOW,LOW,LOW,LOW,LOW,AVG,LOW,LOW,AVG
641,AVG,AVG,LOW,AVG,LOW,LOW,AVG,AVG,LOW,LOW,AVG
642,LOW,AVG,LOW,LOW,LOW,LOW,LOW,AVG,LOW,LOW,LOW
643,LOW,LOW,LOW,LOW,LOW,LOW,HIGH,AVG,AVG,LOW,LOW
644,LOW,AVG,LOW,LOW,LOW,LOW,AVG,HIGH,LOW,LOW,LOW
645,AVG,HIGH,HIGH,HIGH,HIGH,LOW,AVG,LOW,LOW,LOW,HIGH
646,HIGH,HIGH,LOW,HIGH,LOW,LOW,HIGH,LOW,LOW,LOW,AVG
647,LOW,AVG,LOW,LOW,LOW,LOW,LOW,AVG,LOW,LOW,AVG
648,AVG,HIGH,LOW,LOW,AVG,AVG,HIGH,AVG,AVG,LOW,LOW
649,LOW,LOW,LOW,LOW,LOW,HIGH,HIGH,AVG,AVG,HIGH,LOW
650,LOW,AVG,AVG,AVG,LOW,LOW,HIGH,AVG,AVG,LOW,AVG
651,AVG,HIGH,LOW,AVG,LOW,LOW,AVG,AVG,AVG,LOW,AVG
652,LOW,AVG,LOW,AVG,LOW,LOW,AVG,AVG,HIGH,LOW,LOW
653,LOW,HIGH,LOW,AVG,AVG,LOW,LOW,AVG,AVG,LOW,LOW
654,LOW,HIGH,AVG,LOW,AVG,LOW,AVG,AVG,HIGH,LOW,LOW
655,AVG,HIGH,LOW,LOW,LOW,LOW,HIGH,AVG,AVG,LOW,LOW
656,LOW,AVG,LOW,LOW,LOW,LOW,HIGH,AVG,AVG,LOW,LOW
657,AVG,AVG,LOW,AVG,LOW,LOW,AVG,AVG,AVG,LOW,AVG
658,AVG,HIGH,LOW,AVG,AVG,LOW,AVG,AVG,AVG,LOW,AVG
659,LOW,AVG,AVG,AVG,LOW,LOW,HIGH,AVG,AVG,LOW,AVG
660,LOW,AVG,LOW,LOW,LOW,LOW,LOW,AVG,LOW,LOW,LOW
661,LOW,AVG,LOW,LOW,LOW,HIGH,AVG,AVG,AVG,HIGH,LOW
662,AVG,AVG,AVG,LOW,AVG,LOW,HIGH,AVG,LOW,LOW,LOW
663,AVG,AVG,LOW,AVG,LOW,LOW,LOW,AVG,AVG,LOW,AVG
664,AVG,HIGH,AVG,AVG,HIGH,LOW,LOW,AVG,LOW,LOW,LOW
665,AVG,LOW,AVG,LOW,HIGH,LOW,HIGH,LOW,LOW,LOW,HIGH
666,LOW,AVG,LOW,AVG,LOW,LOW,AVG,AVG,LOW,LOW,HIGH
667,HIGH,HIGH,HIGH,HIGH,HIGH,LOW,LOW,LOW,LOW,LOW,HIGH
668,LOW,AVG,LOW,LOW,LOW,LOW,HIGH,HIGH,LOW,LOW,LOW
669,LOW,LOW,LOW,LOW,LOW,LOW,AVG,AVG,LOW,LOW,HIGH
670,AVG,AVG,LOW,LOW,LOW,LOW,AVG,AVG,HIGH,LOW,LOW
671,AVG,LOW,HIGH,LOW,HIGH,LOW,AVG,LOW,LOW,LOW,HIGH
672,LOW,HIGH,LOW,AVG,LOW,LOW,LOW,AVG,AVG,LOW,HIGH
673,LOW,AVG,LOW,AVG,LOW,LOW,HIGH,AVG,AVG,LOW,AVG
674,AVG,AVG,HIGH,AVG,HIGH,LOW,AVG,LOW,LOW,LOW,AVG
675,LOW,AVG,AVG,LOW,LOW,LOW,HIGH,AVG,HIGH,AVG,LOW
676,LOW,AVG,LOW,AVG,LOW,LOW,HIGH,AVG,AVG,AVG,LOW
677,LOW,LOW,LOW,LOW,HIGH,LOW,LOW,LOW,LOW,LOW,HIGH
678,LOW,AVG,AVG,LOW,AVG,LOW,HIGH,AVG,HIGH,AVG,LOW
679,LOW,AVG,LOW,AVG,LOW,LOW,LOW,AVG,AVG,LOW,AVG
680,LOW,AVG,AVG,AVG,LOW,HIGH,AVG,AVG,LOW,HIGH,LOW
681,LOW,LOW,LOW,AVG,LOW,LOW,HIGH,AVG,AVG,AVG,AVG
682,AVG,HIGH,LOW,AVG,LOW,LOW,AVG,AVG,AVG,HIGH,AVG
683,HIGH,HIGH,HIGH,HIGH,HIGH,LOW,AVG,LOW,LOW,LOW,HIGH
684,LOW,AVG,AVG,LOW,LOW,LOW,LOW,AVG,HIGH,LOW,LOW
685,LOW,AVG,LOW,AVG,AVG,LOW,HIGH,AVG,AVG,LOW,HIGH
686,AVG,AVG,AVG,AVG,LOW,LOW,AVG,LOW,AVG,LOW,AVG
687,LOW,LOW,LOW,LOW,AVG,HIGH,AVG,LOW,AVG,HIGH,HIGH
688,LOW,AVG,LOW,LOW,LOW,LOW,LOW,HIGH,LOW,LOW,AVG
689,LOW,AVG,LOW,LOW,LOW,HIGH,AVG,HIGH,LOW,HIGH,AVG
690,AVG,AVG,LOW,HIGH,LOW,LOW,AVG,LOW,LOW,LOW,HIGH
691,LOW,HIGH,LOW,LOW,LOW,LOW,LOW,HIGH,LOW,LOW,AVG
692,HIGH,HIGH,HIGH,HIGH,HIGH,LOW,HIGH,LOW,LOW,LOW,HIGH
693,LOW,AVG,AVG,LOW,LOW,LOW,AVG,AVG,HIGH,LOW,LOW
694,LOW,AVG,LOW,LOW,AVG,LOW,LOW,HIGH,LOW,LOW,LOW
695,LOW,AVG,AVG,LOW,LOW,LOW,HIGH,AVG,HIGH,AVG,LOW
696,AVG,HIGH,LOW,LOW,LOW,AVG,AVG,HIGH,LOW,HIGH,AVG
697,AVG,LOW,LOW,LOW,LOW,LOW,AVG,AVG,AVG,LOW,LOW
698,AVG,LOW,AVG,LOW,LOW,LOW,HIGH,LOW,AVG,LOW,HIGH
699,AVG,HIGH,AVG,AVG,LOW,HIGH,AVG,HIGH,HIGH,HIGH,AVG
700,LOW,AVG,HIGH,HIGH,HIGH,LOW,AVG,LOW,LOW,LOW,HIGH
701,AVG,LOW,LOW,LOW,AVG,LOW,HIGH,LOW,AVG,AVG,LOW
702,HIGH,HIGH,HIGH,HIGH,LOW,LOW,HIGH,LOW,LOW,LOW,HIGH
703,LOW,AVG,LOW,LOW,LOW,LOW,AVG,HIGH,LOW,LOW,LOW
704,LOW,LOW,LOW,AVG,LOW,HIGH,AVG,LOW,LOW,HIGH,AVG
705,LOW,AVG,LOW,LOW,AVG,LOW,HIGH,AVG,AVG,LOW,LOW
706,LOW,AVG,AVG,AVG,AVG,LOW,AVG,AVG,LOW,LOW,AVG
707,AVG,LOW,AVG,LOW,LOW,AVG,HIGH,LOW,AVG,AVG,HIGH
708,LOW,AVG,AVG,LOW,LOW,LOW,AVG,AVG,HIGH,LOW,LOW
709,LOW,AVG,LOW,AVG,LOW,LOW,AVG,AVG,LOW,AVG,AVG
710,LOW,AVG,LOW,AVG,LOW,LOW,HIGH,AVG,AVG,LOW,AVG
711,AVG,LOW,AVG,LOW,LOW,LOW,HIGH,AVG,HIGH,LOW,LOW
712,AVG,LOW,LOW,LOW,HIGH,LOW,HIGH,LOW,LOW,LOW,HIGH
713,LOW,AVG,LOW,AVG,LOW,LOW,LOW,AVG,AVG,LOW,AVG
714,AVG,AVG,LOW,LOW,LOW,LOW,AVG,HIGH,LOW,LOW,LOW
715,LOW,AVG,LOW,AVG,LOW,LOW,AVG,AVG,AVG,LOW,LOW
716,AVG,HIGH,LOW,LOW,LOW,LOW,HIGH,AVG,AVG,LOW,LOW
717,AVG,AVG,LOW,AVG,LOW,LOW,AVG,AVG,AVG,LOW,LOW
718,LOW,AVG,LOW,AVG,LOW,LOW,HIGH,AVG,LOW,AVG,AVG
719,AVG,LOW,HIGH,LOW,HIGH,LOW,AVG,LOW,LOW,LOW,HIGH
720,AVG,AVG,LOW,AVG,AVG,LOW,AVG,AVG,LOW,LOW,AVG
721,LOW,AVG,AVG,LOW,LOW,LOW,HIGH,AVG,HIGH,LOW,LOW
722,LOW,LOW,LOW,LOW,LOW,LOW,AVG,AVG,LOW,LOW,LOW
723,LOW,AVG,LOW,AVG,LOW,LOW,AVG,AVG,AVG,LOW,AVG
724,LOW,AVG,LOW,LOW,LOW,AVG,LOW,HIGH,LOW,HIGH,LOW
725,AVG,HIGH,LOW,LOW,LOW,LOW,LOW,HIGH,LOW,HIGH,LOW
726,AVG,LOW,AVG,LOW,HIGH,LOW,AVG,LOW,LOW,LOW,AVG
727,HIGH,HIGH,LOW,HIGH,HIGH,LOW,HIGH,LOW,LOW,LOW,HIGH
728,LOW,AVG,AVG,LOW,LOW,LOW,AVG,AVG,AVG,LOW,LOW
729,LOW,LOW,AVG,LOW,LOW,HIGH,HIGH,AVG,AVG,HIGH,LOW
730,AVG,AVG,LOW,LOW,LOW,LOW,HIGH,AVG,AVG,LOW,LOW
731,HIGH,HIGH,HIGH,HIGH,HIGH,LOW,HIGH,LOW,LOW,LOW,HIGH
732,LOW,AVG,AVG,LOW,LOW,LOW,AVG,AVG,AVG,LOW,LOW
733,LOW,AVG,LOW,LOW,LOW,LOW,AVG,AVG,LOW,AVG,LOW
734,LOW,AVG,AVG,LOW,LOW,LOW,HIGH,AVG,HIGH,LOW,LOW
735,LOW,AVG,AVG,LOW,LOW,LOW,AVG,AVG,HIGH,LOW,LOW
736,LOW,LOW,HIGH,LOW,HIGH,LOW,HIGH,LOW,LOW,LOW,HIGH
737,LOW,AVG,AVG,LOW,LOW,LOW,AVG,AVG,AVG,LOW,AVG
738,LOW,AVG,AVG,LOW,LOW,LOW,AVG,AVG,LOW,LOW,LOW
739,AVG,AVG,LOW,AVG,LOW,LOW,HIGH,AVG,LOW,LOW,AVG
740,AVG,HIGH,LOW,LOW,LOW,AVG,HIGH,HIGH,LOW,LOW,LOW
741,LOW,AVG,HIGH,AVG,AVG,HIGH,AVG,AVG,HIGH,HIGH,LOW
742,LOW,AVG,AVG,LOW,LOW,LOW,AVG,AVG,AVG,LOW,LOW
743,AVG,AVG,LOW,AVG,LOW,LOW,HIGH,AVG,AVG,LOW,AVG
744,LOW,AVG,AVG,LOW,LOW,LOW,AVG,AVG,AVG,LOW,LOW
745,LOW,AVG,AVG,LOW,LOW,LOW,AVG,AVG,AVG,LOW,LOW
746,LOW,AVG,AVG,LOW,LOW,LOW,AVG,AVG,AVG,LOW,LOW
747,LOW,AVG,LOW,LOW,LOW,HIGH,HIGH,AVG,AVG,HIGH,LOW
748,LOW,LOW,AVG,LOW,HIGH,AVG,LOW,LOW,LOW,HIGH,HIGH
749,LOW,AVG,LOW,AVG,LOW,LOW,HIGH,AVG,AVG,LOW,LOW
750,LOW,AVG,LOW,AVG,LOW,AVG,HIGH,AVG,AVG,AVG,LOW
751,LOW,AVG,LOW,LOW,AVG,LOW,HIGH,AVG,AVG,LOW,LOW
752,LOW,AVG,AVG,LOW,LOW,LOW,LOW,AVG,HIGH,LOW,LOW
753,LOW,AVG,AVG,AVG,AVG,LOW,HIGH,AVG,AVG,LOW,AVG
754,AVG,HIGH,LOW,LOW,LOW,LOW,AVG,AVG,LOW,LOW,AVG
755,LOW,AVG,AVG,LOW,AVG,LOW,AVG,AVG,AVG,LOW,HIGH
756,LOW,AVG,AVG,LOW,LOW,LOW,AVG,AVG,HIGH,LOW,LOW
757,LOW,AVG,LOW,LOW,LOW,LOW,AVG,AVG,AVG,LOW,LOW
758,LOW,LOW,LOW,LOW,LOW,LOW,LOW,LOW,AVG,LOW,LOW
759,LOW,AVG,LOW,LOW,LOW,LOW,HIGH,AVG,AVG,LOW,LOW
760,LOW,AVG,LOW,LOW,LOW,LOW,LOW,AVG,LOW,LOW,HIGH
761,LOW,AVG,LOW,LOW,AVG,LOW,AVG,AVG,AVG,LOW,AVG
762,LOW,AVG,LOW,LOW,LOW,LOW,AVG,AVG,LOW,LOW,LOW
763,LOW,AVG,AVG,LOW,AVG,AVG,HIGH,AVG,AVG,AVG,AVG
764,AVG,AVG,LOW,AVG,LOW,LOW,HIGH,AVG,AVG,LOW,LOW
765,LOW,AVG,AVG,LOW,LOW,LOW,LOW,AVG,LOW,LOW,AVG
766,LOW,AVG,LOW,AVG,LOW,LOW,AVG,AVG,AVG,LOW,AVG
767,LOW,LOW,AVG,LOW,LOW,LOW,HIGH,AVG,LOW,LOW,AVG
768,LOW,AVG,AVG,LOW,AVG,AVG,HIGH,AVG,HIGH,AVG,LOW
769,AVG,AVG,AVG,LOW,LOW,LOW,HIGH,AVG,AVG,LOW,AVG
770,LOW,LOW,AVG,LOW,LOW,LOW,LOW,AVG,HIGH,LOW,LOW
771,LOW,AVG,LOW,LOW,LOW,LOW,LOW,HIGH,LOW,LOW,LOW
772,LOW,HIGH,AVG,LOW,LOW,LOW,HIGH,AVG,AVG,LOW,LOW
773,HIGH,HIGH,LOW,HIGH,HIGH,LOW,HIGH,LOW,LOW,LOW,HIGH
774,AVG,HIGH,AVG,LOW,AVG,LOW,LOW,HIGH,HIGH,LOW,LOW
775,AVG,AVG,LOW,LOW,LOW,LOW,AVG,AVG,AVG,LOW,LOW
776,LOW,HIGH,LOW,AVG,AVG,LOW,HIGH,AVG,AVG,LOW,AVG
777,AVG,HIGH,LOW,HIGH,LOW,LOW,HIGH,LOW,LOW,LOW,HIGH
778,AVG,HIGH,LOW,LOW,LOW,LOW,HIGH,AVG,AVG,LOW,LOW
779,LOW,AVG,AVG,AVG,LOW,LOW,AVG,AVG,AVG,LOW,LOW
780,LOW,AVG,AVG,LOW,LOW,LOW,AVG,AVG,HIGH,LOW,LOW
781,LOW,AVG,AVG,AVG,LOW,HIGH,AVG,AVG,AVG,HIGH,AVG
782,LOW,AVG,LOW,LOW,LOW,LOW,LOW,HIGH,LOW,LOW,LOW
783,LOW,AVG,AVG,LOW,LOW,LOW,AVG,AVG,HIGH,LOW,LOW
784,LOW,AVG,LOW,HIGH,LOW,HIGH,AVG,AVG,AVG,HIGH,HIGH
785,LOW,AVG,AVG,LOW,AVG,LOW,HIGH,AVG,AVG,LOW,LOW
786,LOW,LOW,LOW,AVG,AVG,LOW,AVG,LOW,AVG,LOW,AVG
787,HIGH,HIGH,AVG,HIGH,AVG,LOW,HIGH,LOW,LOW,LOW,HIGH
788,AVG,AVG,LOW,LOW,AVG,LOW,HIGH,AVG,AVG,LOW,LOW
789,LOW,AVG,AVG,LOW,LOW,LOW,HIGH,AVG,AVG,LOW,LOW
790,AVG,HIGH,LOW,LOW,LOW,LOW,AVG,AVG,LOW,LOW,HIGH
791,LOW,AVG,AVG,AVG,LOW,LOW,AVG,AVG,AVG,LOW,LOW
792,AVG,HIGH,LOW,LOW,LOW,LOW,AVG,AVG,AVG,LOW,LOW
793,LOW,AVG,LOW,LOW,LOW,LOW,LOW,AVG,LOW,LOW,LOW
794,LOW,AVG,AVG,LOW,LOW,LOW,AVG,AVG,AVG,LOW,AVG
795,LOW,AVG,AVG,LOW,LOW,LOW,LOW,AVG,HIGH,LOW,LOW
796,LOW,AVG,LOW,LOW,LOW,AVG,AVG,HIGH,LOW,HIGH,LOW
797,LOW,AVG,LOW,LOW,LOW,LOW,LOW,AVG,HIGH,LOW,LOW
798,AVG,LOW,AVG,LOW,LOW,LOW,AVG,AVG,AVG,LOW,LOW
799,AVG,HIGH,LOW,LOW,LOW,HIGH,LOW,HIGH,LOW,HIGH,LOW
800,AVG,AVG,LOW,LOW,LOW,LOW,HIGH,AVG,AVG,LOW,LOW
801,HIGH,HIGH,LOW,AVG,AVG,LOW,AVG,AVG,AVG,LOW,LOW
802,AVG,AVG,LOW,LOW,LOW,AVG,AVG,AVG,AVG,HIGH,LOW
803,LOW,AVG,LOW,AVG,LOW,LOW,LOW,AVG,AVG,LOW,LOW
804,AVG,AVG,LOW,AVG,LOW,LOW,HIGH,AVG,AVG,LOW,AVG
805,LOW,AVG,AVG,LOW,LOW,LOW,HIGH,AVG,AVG,LOW,LOW
806,LOW,AVG,AVG,LOW,LOW,LOW,AVG,AVG,HIGH,LOW,LOW
807,HIGH,HIGH,HIGH,HIGH,LOW,LOW,LOW,LOW,LOW,LOW,HIGH
808,AVG,HIGH,HIGH,HIGH,HIGH,LOW,LOW,LOW,LOW,LOW,HIGH
809,HIGH,HIGH,HIGH,HIGH,LOW,LOW,HIGH,LOW,LOW,LOW,HIGH
810,LOW,AVG,LOW,AVG,LOW,LOW,HIGH,AVG,AVG,LOW,AVG
811,LOW,AVG,LOW,AVG,LOW,LOW,AVG,AVG,AVG,LOW,LOW
812,AVG,HIGH,AVG,LOW,LOW,LOW,AVG,AVG,AVG,LOW,AVG
813,LOW,AVG,AVG,LOW,AVG,LOW,AVG,AVG,AVG,LOW,LOW
814,AVG,HIGH,AVG,AVG,LOW,LOW,AVG,AVG,AVG,AVG,AVG
815,LOW,AVG,LOW,LOW,LOW,LOW,AVG,AVG,AVG,LOW,AVG
816,LOW,AVG,LOW,LOW,LOW,LOW,HIGH,AVG,AVG,LOW,LOW
817,AVG,AVG,LOW,LOW,LOW,LOW,AVG,AVG,AVG,LOW,AVG
818,LOW,LOW,LOW,LOW,LOW,LOW,HIGH,HIGH,LOW,LOW,LOW
819,AVG,LOW,LOW,LOW,LOW,LOW,HIGH,LOW,AVG,LOW,HIGH
820,AVG,AVG,LOW,AVG,LOW,LOW,HIGH,AVG,LOW,LOW,AVG
821,LOW,AVG,AVG,AVG,LOW,LOW,HIGH,AVG,AVG,AVG,AVG
822,LOW,AVG,LOW,AVG,LOW,AVG,AVG,AVG,AVG,HIGH,AVG
823,AVG,HIGH,LOW,LOW,LOW,LOW,HIGH,HIGH,LOW,LOW,LOW
824,HIGH,HIGH,LOW,AVG,AVG,LOW,LOW,AVG,AVG,LOW,AVG
825,AVG,AVG,LOW,LOW,LOW,LOW,AVG,HIGH,LOW,LOW,LOW
826,LOW,AVG,HIGH,HIGH,HIGH,LOW,HIGH,LOW,LOW,LOW,HIGH
827,AVG,AVG,LOW,LOW,AVG,LOW,AVG,AVG,AVG,LOW,AVG
828,LOW,AVG,LOW,AVG,LOW,LOW,HIGH,AVG,AVG,LOW,AVG
829,LOW,AVG,LOW,AVG,LOW,LOW,AVG,AVG,AVG,LOW,LOW
830,AVG,AVG,AVG,AVG,AVG,LOW,AVG,AVG,LOW,LOW,AVG
831,HIGH,HIGH,AVG,HIGH,HIGH,LOW,AVG,LOW,LOW,LOW,HIGH
832,LOW,AVG,LOW,LOW,LOW,LOW,AVG,HIGH,LOW,LOW,LOW
833,AVG,AVG,AVG,AVG,AVG,LOW,LOW,AVG,LOW,LOW,AVG
834,LOW,AVG,LOW,AVG,LOW,LOW,AVG,AVG,AVG,LOW,AVG
835,LOW,AVG,LOW,AVG,LOW,LOW,AVG,AVG,AVG,LOW,AVG
836,AVG,HIGH,LOW,LOW,LOW,LOW,AVG,HIGH,LOW,LOW,LOW
837,LOW,AVG,LOW,LOW,AVG,LOW,HIGH,AVG,AVG,LOW,LOW
838,LOW,AVG,LOW,LOW,AVG,LOW,LOW,HIGH,LOW,LOW,LOW
839,HIGH,HIGH,LOW,HIGH,HIGH,LOW,AVG,LOW,LOW,LOW,HIGH
840,AVG,HIGH,AVG,LOW,AVG,LOW,HIGH,AVG,LOW,LOW,HIGH
841,LOW,LOW,AVG,LOW,LOW,LOW,AVG,AVG,AVG,LOW,LOW
842,LOW,AVG,AVG,AVG,LOW,LOW,AVG,AVG,AVG,LOW,AVG
843,AVG,AVG,LOW,LOW,AVG,AVG,HIGH,AVG,AVG,AVG,LOW
844,LOW,LOW,AVG,LOW,LOW,LOW,AVG,AVG,HIGH,AVG,LOW
845,LOW,AVG,LOW,LOW,LOW,LOW,LOW,HIGH,LOW,LOW,LOW
846,LOW,AVG,LOW,AVG,LOW,LOW,AVG,AVG,AVG,LOW,LOW
847,LOW,AVG,AVG,LOW,LOW,LOW,AVG,AVG,AVG,LOW,AVG
848,AVG,HIGH,AVG,LOW,LOW,LOW,AVG,AVG,AVG,LOW,AVG
849,AVG,LOW,LOW,LOW,AVG,LOW,HIGH,AVG,AVG,AVG,LOW
850,LOW,AVG,LOW,LOW,LOW,LOW,LOW,AVG,AVG,LOW,LOW
851,LOW,AVG,LOW,LOW,LOW,HIGH,LOW,AVG,AVG,HIGH,LOW
852,LOW,AVG,AVG,HIGH,HIGH,LOW,LOW,LOW,LOW,LOW,HIGH
853,LOW,AVG,LOW,LOW,LOW,LOW,LOW,AVG,LOW,LOW,HIGH
854,AVG,LOW,LOW,AVG,LOW,HIGH,LOW,AVG,AVG,HIGH,AVG
855,AVG,AVG,LOW,LOW,LOW,LOW,LOW,AVG,AVG,LOW,LOW
856,LOW,AVG,LOW,LOW,LOW,AVG,LOW,AVG,LOW,HIGH,HIGH
857,AVG,HIGH,AVG,LOW,LOW,LOW,LOW,AVG,HIGH,LOW,LOW
858,LOW,AVG,LOW,LOW,AVG,LOW,AVG,AVG,LOW,LOW,HIGH
859,LOW,AVG,AVG,LOW,LOW,LOW,AVG,AVG,AVG,LOW,LOW
860,AVG,HIGH,AVG,LOW,AVG,LOW,LOW,AVG,HIGH,LOW,LOW
861,LOW,AVG,LOW,AVG,LOW,AVG,LOW,AVG,AVG,HIGH,AVG
862,LOW,AVG,LOW,LOW,LOW,LOW,LOW,AVG,AVG,LOW,LOW
863,LOW,LOW,LOW,LOW,LOW,LOW,LOW,AVG,LOW,LOW,LOW
864,LOW,AVG,AVG,HIGH,LOW,AVG,HIGH,AVG,AVG,AVG,AVG
865,AVG,HIGH,HIGH,HIGH,HIGH,LOW,AVG,LOW,LOW,LOW,HIGH
866,AVG,HIGH,LOW,AVG,LOW,LOW,AVG,AVG,AVG,LOW,LOW
867,LOW,AVG,AVG,HIGH,LOW,LOW,AVG,LOW,LOW,LOW,HIGH
868,LOW,HIGH,AVG,AVG,AVG,LOW,HIGH,AVG,AVG,LOW,AVG
869,LOW,AVG,AVG,LOW,LOW,LOW,AVG,AVG,AVG,LOW,AVG
870,AVG,HIGH,AVG,LOW,LOW,AVG,LOW,AVG,AVG,HIGH,LOW
871,LOW,AVG,AVG,AVG,LOW,LOW,LOW,AVG,LOW,LOW,HIGH
872,LOW,AVG,AVG,LOW,LOW,AVG,HIGH,AVG,AVG,LOW,LOW
873,LOW,LOW,HIGH,LOW,HIGH,LOW,HIGH,LOW,LOW,LOW,HIGH
874,HIGH,HIGH,HIGH,HIGH,HIGH,AVG,AVG,LOW,LOW,HIGH,HIGH
875,LOW,AVG,HIGH,HIGH,LOW,LOW,LOW,LOW,LOW,LOW,HIGH
876,LOW,AVG,LOW,LOW,LOW,LOW,LOW,AVG,AVG,LOW,AVG
877,LOW,AVG,LOW,LOW,LOW,LOW,LOW,AVG,AVG,LOW,LOW
878,LOW,AVG,LOW,AVG,LOW,LOW,HIGH,AVG,AVG,LOW,HIGH
879,LOW,AVG,LOW,LOW,AVG,LOW,LOW,HIGH,LOW,LOW,LOW
880,LOW,AVG,LOW,LOW,LOW,LOW,AVG,AVG,AVG,LOW,LOW
881,LOW,AVG,LOW,AVG,LOW,AVG,HIGH,AVG,LOW,AVG,AVG
882,AVG,HIGH,LOW,AVG,LOW,LOW,HIGH,AVG,LOW,AVG,AVG
883,LOW,LOW,AVG,LOW,HIGH,LOW,AVG,LOW,LOW,LOW,HIGH
884,LOW,LOW,LOW,LOW,HIGH,AVG,HIGH,LOW,LOW,AVG,HIGH
885,HIGH,HIGH,HIGH,HIGH,LOW,LOW,AVG,LOW,LOW,LOW,HIGH
886,AVG,AVG,LOW,LOW,AVG,LOW,LOW,AVG,AVG,LOW,AVG
887,AVG,HIGH,LOW,LOW,AVG,LOW,HIGH,AVG,AVG,LOW,LOW
888,HIGH,HIGH,HIGH,HIGH,HIGH,LOW,LOW,LOW,LOW,LOW,HIGH
889,AVG,HIGH,LOW,LOW,AVG,LOW,AVG,AVG,LOW,LOW,LOW
890,AVG,AVG,LOW,LOW,LOW,LOW,LOW,AVG,LOW,LOW,LOW
891,LOW,LOW,AVG,LOW,LOW,AVG,HIGH,LOW,LOW,AVG,HIGH
892,AVG,AVG,LOW,AVG,LOW,LOW,AVG,AVG,AVG,LOW,LOW
893,AVG,AVG,AVG,AVG,LOW,LOW,HIGH,AVG,LOW,LOW,LOW
894,AVG,AVG,LOW,LOW,LOW,LOW,AVG,AVG,LOW,LOW,LOW
895,LOW,AVG,LOW,AVG,LOW,LOW,AVG,AVG,AVG,LOW,AVG
896,LOW,LOW,AVG,LOW,AVG,LOW,AVG,AVG,LOW,LOW,LOW
897,AVG,HIGH,LOW,LOW,LOW,LOW,LOW,HIGH,LOW,LOW,LOW
898,LOW,LOW,LOW,LOW,LOW,LOW,HIGH,AVG,LOW,LOW,HIGH
899,AVG,HIGH,AVG,AVG,LOW,LOW,HIGH,AVG,AVG,LOW,LOW
900,HIGH,HIGH,HIGH,HIGH,LOW,LOW,LOW,LOW,LOW,LOW,HIGH
901,AVG,AVG,LOW,LOW,LOW,HIGH,HIGH,AVG,AVG,HIGH,AVG
902,AVG,HIGH,LOW,LOW,LOW,LOW,AVG,AVG,AVG,LOW,LOW
903,LOW,AVG,AVG,LOW,LOW,AVG,HIGH,AVG,HIGH,AVG,LOW
904,LOW,AVG,LOW,LOW,LOW,LOW,LOW,AVG,LOW,LOW,HIGH
905,LOW,LOW,LOW,AVG,LOW,LOW,AVG,AVG,AVG,LOW,LOW
906,LOW,HIGH,LOW,AVG,LOW,LOW,AVG,AVG,AVG,AVG,AVG
907,LOW,AVG,LOW,AVG,LOW,LOW,AVG,AVG,AVG,LOW,AVG
908,AVG,HIGH,AVG,LOW,LOW,LOW,HIGH,AVG,AVG,LOW,LOW
909,LOW,LOW,LOW,LOW,LOW,LOW,AVG,HIGH,LOW,LOW,LOW
910,LOW,AVG,LOW,LOW,LOW,LOW,LOW,HIGH,LOW,LOW,LOW
911,LOW,AVG,AVG,LOW,LOW,LOW,AVG,AVG,HIGH,LOW,LOW
912,LOW,AVG,AVG,LOW,AVG,LOW,HIGH,AVG,AVG,LOW,LOW
913,AVG,HIGH,AVG,AVG,LOW,AVG,AVG,AVG,AVG,HIGH,AVG
914,LOW,AVG,AVG,LOW,LOW,LOW,HIGH,AVG,AVG,LOW,LOW
915,LOW,AVG,AVG,LOW,LOW,LOW,AVG,AVG,LOW,LOW,HIGH
916,LOW,AVG,LOW,LOW,LOW,LOW,AVG,HIGH,LOW,LOW,AVG
917,AVG,AVG,LOW,HIGH,HIGH,LOW,HIGH,LOW,LOW,AVG,HIGH
918,LOW,AVG,AVG,AVG,LOW,AVG,LOW,AVG,AVG,HIGH,LOW
919,LOW,AVG,LOW,LOW,LOW,LOW,HIGH,AVG,AVG,LOW,LOW
920,LOW,AVG,AVG,AVG,LOW,LOW,HIGH,AVG,HIGH,LOW,LOW
921,LOW,AVG,AVG,AVG,LOW,LOW,HIGH,AVG,AVG,LOW,LOW
922,AVG,AVG,LOW,AVG,LOW,LOW,AVG,AVG,AVG,LOW,LOW
923,LOW,LOW,AVG,LOW,LOW,AVG,HIGH,AVG,AVG,LOW,LOW
924,HIGH,HIGH,AVG,HIGH,LOW,LOW,AVG,LOW,LOW,LOW,HIGH
925,LOW,AVG,LOW,AVG,LOW,LOW,HIGH,AVG,LOW,LOW,LOW
926,AVG,AVG,LOW,AVG,LOW,LOW,HIGH,AVG,AVG,LOW,LOW
927,AVG,HIGH,AVG,AVG,LOW,AVG,AVG,AVG,HIGH,HIGH,LOW
928,LOW,AVG,LOW,AVG,LOW,LOW,AVG,AVG,LOW,LOW,HIGH
929,LOW,AVG,LOW,LOW,LOW,LOW,AVG,AVG,AVG,LOW,AVG
930,LOW,AVG,LOW,LOW,LOW,LOW,HIGH,HIGH,LOW,LOW,LOW
931,LOW,AVG,AVG,LOW,AVG,LOW,AVG,AVG,HIGH,LOW,LOW
932,AVG,HIGH,AVG,LOW,LOW,LOW,AVG,AVG,HIGH,LOW,LOW
933,LOW,AVG,LOW,LOW,AVG,LOW,HIGH,AVG,AVG,LOW,AVG
934,AVG,AVG,AVG,AVG,LOW,LOW,AVG,AVG,AVG,LOW,AVG
935,AVG,AVG,LOW,LOW,LOW,LOW,HIGH,AVG,AVG,LOW,LOW
936,LOW,LOW,LOW,LOW,LOW,LOW,AVG,LOW,AVG,LOW,HIGH
937,AVG,AVG,LOW,LOW,LOW,LOW,AVG,AVG,LOW,AVG,HIGH
938,LOW,AVG,LOW,AVG,LOW,LOW,LOW,AVG,AVG,LOW,LOW
939,LOW,LOW,AVG,LOW,LOW,LOW,HIGH,LOW,AVG,LOW,AVG
940,LOW,AVG,AVG,LOW,LOW,LOW,HIGH,AVG,AVG,LOW,LOW
941,AVG,HIGH,AVG,AVG,LOW,LOW,AVG,AVG,HIGH,LOW,AVG
942,LOW,AVG,AVG,LOW,LOW,LOW,AVG,AVG,AVG,LOW,AVG
943,HIGH,HIGH,HIGH,HIGH,LOW,LOW,AVG,LOW,LOW,LOW,HIGH
944,AVG,HIGH,LOW,AVG,AVG,LOW,LOW,AVG,AVG,LOW,AVG
945,LOW,LOW,LOW,LOW,LOW,LOW,HIGH,AVG,AVG,LOW,LOW
946,LOW,LOW,AVG,LOW,LOW,LOW,HIGH,AVG,HIGH,LOW,LOW
947,LOW,HIGH,AVG,AVG,LOW,LOW,HIGH,AVG,LOW,LOW,AVG
948,AVG,AVG,LOW,AVG,LOW,LOW,LOW,AVG,AVG,LOW,AVG
949,LOW,AVG,LOW,AVG,LOW,LOW,AVG,AVG,AVG,AVG,AVG
950,AVG,HIGH,LOW,LOW,LOW,AVG,HIGH,AVG,AVG,AVG,AVG
951,AVG,AVG,LOW,AVG,LOW,LOW,LOW,AVG,AVG,LOW,LOW
952,AVG,LOW,AVG,AVG,LOW,LOW,HIGH,LOW,AVG,LOW,LOW
953,AVG,HIGH,LOW,AVG,LOW,LOW,LOW,AVG,AVG,AVG,LOW
954,LOW,AVG,LOW,AVG,LOW,LOW,AVG,AVG,LOW,LOW,LOW
955,AVG,AVG,LOW,LOW,LOW,LOW,AVG,AVG,AVG,LOW,LOW
956,LOW,AVG,LOW,LOW,LOW,LOW,LOW,AVG,LOW,LOW,LOW
957,LOW,AVG,AVG,AVG,LOW,LOW,HIGH,AVG,AVG,LOW,AVG
958,AVG,AVG,LOW,AVG,LOW,LOW,LOW,AVG,AVG,LOW,LOW
959,LOW,AVG,AVG,LOW,LOW,AVG,AVG,AVG,AVG,AVG,LOW
960,LOW,AVG,AVG,LOW,LOW,LOW,HIGH,AVG,AVG,LOW,HIGH
961,HIGH,HIGH,AVG,AVG,AVG,LOW,AVG,LOW,AVG,LOW,AVG
962,AVG,HIGH,AVG,AVG,LOW,LOW,HIGH,AVG,HIGH,LOW,AVG
963,LOW,AVG,LOW,LOW,LOW,LOW,LOW,HIGH,LOW,LOW,LOW
964,AVG,AVG,AVG,AVG,LOW,LOW,HIGH,AVG,AVG,AVG,LOW
965,LOW,AVG,LOW,LOW,LOW,HIGH,AVG,HIGH,LOW,HIGH,LOW
966,LOW,AVG,AVG,AVG,AVG,LOW,HIGH,AVG,AVG,LOW,HIGH
967,LOW,AVG,AVG,AVG,LOW,LOW,LOW,AVG,AVG,AVG,LOW
968,LOW,HIGH,LOW,AVG,AVG,LOW,HIGH,AVG,AVG,LOW,AVG
969,LOW,AVG,LOW,LOW,LOW,LOW,LOW,AVG,AVG,LOW,LOW
970,HIGH,HIGH,LOW,AVG,LOW,LOW,AVG,AVG,AVG,LOW,LOW
971,HIGH,HIGH,HIGH,HIGH,HIGH,LOW,AVG,LOW,LOW,LOW,HIGH
972,LOW,AVG,LOW,AVG,LOW,AVG,LOW,AVG,AVG,HIGH,AVG
973,LOW,HIGH,LOW,HIGH,LOW,LOW,AVG,AVG,AVG,LOW,HIGH
974,LOW,AVG,AVG,LOW,LOW,LOW,AVG,AVG,LOW,LOW,HIGH
975,LOW,LOW,AVG,LOW,LOW,LOW,AVG,AVG,AVG,LOW,LOW
976,AVG,AVG,AVG,LOW,LOW,LOW,AVG,AVG,AVG,LOW,LOW
977,LOW,AVG,AVG,LOW,LOW,AVG,HIGH,AVG,AVG,LOW,LOW
978,LOW,AVG,LOW,LOW,LOW,LOW,LOW,AVG,AVG,LOW,AVG
979,AVG,AVG,AVG,LOW,LOW,LOW,LOW,AVG,LOW,LOW,LOW
980,LOW,AVG,LOW,LOW,LOW,LOW,LOW,AVG,AVG,LOW,AVG
981,LOW,AVG,AVG,LOW,LOW,LOW,AVG,HIGH,HIGH,LOW,LOW
982,LOW,AVG,AVG,LOW,LOW,LOW,HIGH,AVG,AVG,LOW,LOW
983,AVG,AVG,AVG,LOW,LOW,LOW,LOW,AVG,HIGH,LOW,LOW
984,LOW,AVG,LOW,AVG,AVG,LOW,AVG,LOW,AVG,LOW,AVG
985,AVG,HIGH,LOW,LOW,LOW,AVG,HIGH,HIGH,LOW,LOW,LOW
986,AVG,AVG,AVG,LOW,LOW,LOW,LOW,AVG,AVG,LOW,LOW
987,LOW,AVG,LOW,LOW,LOW,LOW,HIGH,AVG,AVG,AVG,AVG
988,AVG,AVG,LOW,LOW,LOW,LOW,HIGH,AVG,AVG,LOW,LOW
989,LOW,AVG,LOW,LOW,LOW,LOW,AVG,AVG,AVG,LOW,LOW
990,AVG,HIGH,AVG,AVG,LOW,LOW,HIGH,AVG,AVG,LOW,AVG
991,LOW,AVG,LOW,AVG,LOW,LOW,LOW,AVG,LOW,LOW,AVG
992,LOW,AVG,LOW,LOW,LOW,LOW,HIGH,HIGH,LOW,LOW,LOW
993,AVG,LOW,AVG,LOW,LOW,AVG,LOW,LOW,AVG,HIGH,LOW
994,LOW,AVG,LOW,LOW,LOW,LOW,HIGH,AVG,AVG,LOW,LOW
995,LOW,AVG,LOW,AVG,LOW,LOW,LOW,AVG,LOW,LOW,LOW
996,LOW,AVG,LOW,AVG,LOW,LOW,LOW,AVG,AVG,LOW,AVG
997,LOW,AVG,AVG,LOW,LOW,LOW,HIGH,AVG,HIGH,LOW,LOW
998,LOW,AVG,AVG,AVG,LOW,AVG,HIGH,AVG,AVG,LOW,AVG
999,AVG,HIGH,AVG,LOW,LOW,LOW,HIGH,AVG,HIGH,LOW,LOW
